1871_0,0,1,R. E,http://dbpedia.org/resource/Robbie_E
1871_0,0,2,R. Terry,http://dbpedia.org/resource/Rick_Terry
1871_0,0,3,Rikidōzan,http://dbpedia.org/resource/Rikidōzan
1871_0,0,4,Riho,http://dbpedia.org/resource/Riho
1871_0,0,5,Ricochet,http://dbpedia.org/resource/Ricochet_(wrestler)
1871_0,0,6,R. Landell,http://dbpedia.org/resource/Ricky_Landell
1871_0,0,7,R. Hunter,http://dbpedia.org/resource/Robert_Hunter_(golfer)
1871_0,0,8,R. Fuji,http://dbpedia.org/resource/Ricky_Fuji
1871_0,0,9,R. Michaels,http://dbpedia.org/resource/Ralph_Michaels
1871_0,0,10,R. Martel,http://dbpedia.org/resource/Richard_Martel
1871_0,0,11,R. Link,http://dbpedia.org/resource/Rick_Link
1871_0,0,12,R. Bognar,http://dbpedia.org/resource/Rick_Bognar
1871_0,0,13,R. Slinger,http://dbpedia.org/resource/Richard_Slinger
1871_0,0,14,R. Rodriguez,http://dbpedia.org/resource/Rowby-John_Rodriguez
1871_0,0,15,R. Flair,http://dbpedia.org/resource/Ric_Flair
1871_0,0,16,R. Converse,http://dbpedia.org/resource/Casey_Converse
1871_0,0,17,R. Mysterio,http://dbpedia.org/resource/Rey_Mysterio
1871_0,0,18,R. M. Sr.,http://dbpedia.org/resource/Rey_Misterio
1871_0,0,19,R. Bucanero,http://dbpedia.org/resource/Rey_Bucanero
1871_0,0,20,R. Young,http://dbpedia.org/resource/Ricky_Ortiz
1871_0,0,21,Rebel,http://dbpedia.org/resource/Hans_Rebel
1871_0,0,22,R. DiPietro,http://dbpedia.org/resource/Rick_DiPietro
1871_0,0,23,Rayo de Jalisco Jr.,http://dbpedia.org/resource/Rayo_de_Jalisco_Sr.
1871_0,0,24,Ray,http://dbpedia.org/resource/Ray_(wrestler)
1871_0,0,25,Raven,http://dbpedia.org/resource/Paul_Raven_(footballer)
1871_0,0,26,R. Diaz,http://dbpedia.org/resource/Raphael_Diaz
1871_0,0,27,R. Orton,http://dbpedia.org/resource/Randy_Orton
1871_0,0,28,R. Yu-Yu,http://dbpedia.org/resource/Serbia
1871_0,0,29,R. Petković,http://dbpedia.org/resource/Marjan_Petković
1871_0,0,30,Q. Valentino,http://dbpedia.org/resource/Domenico_Valentino
1871_0,0,31,P. Clown,http://dbpedia.org/resource/Psycho_Clown
1871_0,0,32,Psicosis,http://dbpedia.org/resource/Psicosis_II
1871_0,0,33,P. Uno,http://dbpedia.org/resource/Player_Uno
1871_0,0,34,P. Royce,http://dbpedia.org/resource/Peyton_Royce
1871_0,0,35,P. Williams,http://dbpedia.org/resource/Percy_Williams_(sprinter)
1871_0,0,36,P. Avalon,http://dbpedia.org/resource/Peter_Avalon
1871_0,0,37,P. A. Jr.,http://dbpedia.org/resource/Perro_Aguayo_Jr.
1871_0,0,38,P. Roma,http://dbpedia.org/resource/Pedro_Roma
1871_0,0,39,P. Ellering,http://dbpedia.org/resource/Paul_Ellering
1871_0,0,40,P. Tanaka,http://dbpedia.org/resource/Pat_Tanaka
1871_0,0,41,P. News,http://dbpedia.org/resource/P.N._News
1871_0,0,42,O. Schwanz,http://dbpedia.org/resource/Otto_Schwanz
1871_0,0,43,O. Nishimura,http://dbpedia.org/resource/Shoichi_Nishimura
1871_0,0,44,O. Kido,http://dbpedia.org/resource/Osamu_Kido
1871_0,0,45,N. Tateno,http://dbpedia.org/resource/Noriyo_Tateno
1871_0,0,46,N. Honaga,http://dbpedia.org/resource/Norio_Honaga
1871_0,0,47,N. Hirai,http://dbpedia.org/resource/Naohito_Hirai
1871_0,0,48,N. W. Jose,http://dbpedia.org/resource/No_Way_Jose_(wrestler)
1871_0,0,49,N. Young,http://dbpedia.org/resource/Nick_Young_(basketball)
1871_0,0,50,N. Cross,http://dbpedia.org/resource/Niki_Cross
1871_0,0,51,N. Bella,http://dbpedia.org/resource/Nikki_Bella
1871_0,0,52,N. Berk,http://dbpedia.org/resource/Nick_Berk
1871_0,0,53,N. Jax,http://dbpedia.org/resource/Nia_Jax
1871_0,0,54,N. Butcher,http://dbpedia.org/resource/Necro_Butcher
1871_0,0,55,N. Taiyo,http://dbpedia.org/resource/Natsuki_Taiyo
1871_0,0,56,N. Jones,http://dbpedia.org/resource/Neil_Jones_(footballer)
1871_0,0,57,N. Doi,http://dbpedia.org/resource/Naruki_Doi
1871_0,0,58,N. Marufuji,http://dbpedia.org/resource/Naomichi_Marufuji
1871_0,0,59,Naomi,http://dbpedia.org/resource/Naomi_(wrestler)
1871_0,0,60,N. Tanizaki,http://dbpedia.org/resource/Naoki_Tanizaki
1871_0,0,61,N. Sano,http://dbpedia.org/resource/Naoki_Sano
1871_0,0,62,N. Benoit,http://dbpedia.org/resource/Nancy_Benoit
1871_0,0,63,N. Takahashi,http://dbpedia.org/resource/Narumi_Takahashi
1871_0,0,64,N. Nozaki,http://dbpedia.org/resource/Nagisa_Nozaki
1871_0,0,65,M. II,http://dbpedia.org/resource/Elizabeth_II
1871_0,0,66,M. Dorada,http://dbpedia.org/resource/Mascarita_Dorada
1871_0,0,67,M. Velázquez,http://dbpedia.org/resource/Manuel_Velázquez
1871_0,0,68,M. Bosporus,http://dbpedia.org/resource/Murat_Bosporus
1871_0,0,69,M. Sawa,http://dbpedia.org/resource/Masakatsu_Sawa
1871_0,0,70,MsChif,http://dbpedia.org/resource/MsChif
1871_0,0,71,M. Pogo,http://dbpedia.org/resource/Mr._Pogo
1871_0,0,72,M. Hito,http://dbpedia.org/resource/Mr._Hito
1871_0,0,73,M. Gannosuke,http://dbpedia.org/resource/Mr._Gannosuke
1871_0,0,74,M. Shimizu,http://dbpedia.org/resource/Masahiro_Shimizu
1871_0,0,75,M. King,http://dbpedia.org/resource/Marshall_King
1871_0,0,76,M. Nakanishi,http://dbpedia.org/resource/Manabu_Nakanishi
1871_0,0,77,M. Holly,http://dbpedia.org/resource/Molly_Holly
1871_0,0,78,M. Rawley,http://dbpedia.org/resource/Mojo_Rawley
1871_0,0,79,Miyawaki,http://dbpedia.org/resource/Miyawaki_(wrestler)
1871_0,0,80,M. Matsumoto,http://dbpedia.org/resource/Masaya_Matsumoto
1871_0,0,81,M. Momota,http://dbpedia.org/resource/Mitsuo_Momota
1871_0,0,82,M. Kikuzawa,http://dbpedia.org/resource/Kikutaro
1871_0,0,83,M. Misawa,http://dbpedia.org/resource/Mitsuharu_Misawa
1871_0,0,84,M. Elizabeth,http://dbpedia.org/resource/Miss_Elizabeth
1871_0,0,85,M. Ohata,http://dbpedia.org/resource/Misaki_Ohata
1871_0,0,86,M. Shirai,http://dbpedia.org/resource/Kenzō_Shirai
1871_0,0,87,M. Tanaka,http://dbpedia.org/resource/Mina_Tanaka
1871_0,0,88,M. Fujita,http://dbpedia.org/resource/Motoshi_Fujita
1871_0,0,89,M. C. A.T.,http://dbpedia.org/resource/Milano_Collection_A.T.
1871_0,0,90,M. Máscaras,http://dbpedia.org/resource/Mil_Máscaras
1871_0,0,91,M. Batts,http://dbpedia.org/resource/Matt_Batts
1871_0,0,92,M. Quackenbush,http://dbpedia.org/resource/Kevin_Quackenbush
1871_0,0,93,M. Awesome,http://dbpedia.org/resource/Mike_Awesome
1871_0,0,94,M. Akino,http://dbpedia.org/resource/Mika_Akino
1871_0,0,95,M. P. Jr.,http://dbpedia.org/resource/Marvin_Gaye
1871_0,0,96,M. Pérez,http://dbpedia.org/resource/Marcelino_Pérez
