221_0,0,1,É. Mulsant,http://dbpedia.org/resource/Étienne_Mulsant
221_0,0,2,É. Blanchard,http://dbpedia.org/resource/Raphaël_Blanchard
221_0,0,3,É. Lefèvre,http://dbpedia.org/resource/Édouard_Lefèvre
221_0,0,4,Ângelo Moreira da Costa Lima,http://dbpedia.org/resource/Ângelo_Moreira_da_Costa_Lima
221_0,0,5,W. Nylander,http://dbpedia.org/resource/William_Nylander_(botanist)
221_0,0,6,W. F. Erichson,http://dbpedia.org/resource/Wilhelm_Ferdinand_Erichson
221_0,0,7,T. d. Charpentier,http://dbpedia.org/resource/Toussaint_de_Charpentier
221_0,0,8,S. v. Breuning,http://dbpedia.org/resource/Stephan_von_Breuning_(entomologist)
221_0,0,9,S. Błeszyński,http://dbpedia.org/resource/Stanisław_Błeszyński
221_0,0,10,S. Canzoneri,http://dbpedia.org/resource/Silvano_Canzoneri
221_0,0,11,S. Schenkling,http://dbpedia.org/resource/Sigmund_Schenkling
221_0,0,12,S. Matsumura,http://dbpedia.org/resource/Shōnen_Matsumura
221_0,0,13,S. Alphéraky,
221_0,0,14,Samuel Constantinus Snellen van Vollenhoven,http://dbpedia.org/resource/Samuel_Constantinus_Snellen_van_Vollenhoven
221_0,0,15,R. Püngeler,http://dbpedia.org/resource/Rudolf_Püngeler
221_0,0,16,R. Felder,http://dbpedia.org/resource/Rudolf_Felder
221_0,0,17,R. Blanchard,http://dbpedia.org/resource/Raphaël_Blanchard
221_0,0,18,P. Rossi,http://dbpedia.org/resource/Pietro_Rossi_(scientist)
221_0,0,19,P. Millière,http://dbpedia.org/resource/Pierre_Millière
221_0,0,20,P. J. Bonnaterre,http://dbpedia.org/resource/Pierre_Joseph_Bonnaterre
221_0,0,21,Philogène Auguste Joseph Duponchel,http://dbpedia.org/resource/Philogène_Auguste_Joseph_Duponchel
221_0,0,22,Philipp Ludwig Statius Müller,http://dbpedia.org/resource/Philipp_Ludwig_Statius_Müller
221_0,0,23,P. W. Wygodzinsky,http://dbpedia.org/resource/Petr_Wolfgang_Wygodzinsky
221_0,0,24,P. F. Wahlberg,http://dbpedia.org/resource/Peter_Fredrik_Wahlberg
221_0,0,25,P. A. Roman,http://dbpedia.org/resource/Per_Abraham_Roman
221_0,0,26,P. B. Gerhard,http://dbpedia.org/resource/Paul_Bernhard_Gerhard
221_0,0,27,P. Luigioni,http://dbpedia.org/resource/Paolo_Luigioni
221_0,0,28,O. Bütschli,http://dbpedia.org/resource/Otto_Bütschli
221_0,0,29,O. Bang-Haas,http://dbpedia.org/resource/Otto_Bang-Haas
221_0,0,30,O. Bütschli,http://dbpedia.org/resource/Otto_Bütschli
221_0,0,31,O. Hofmann,http://dbpedia.org/resource/Ottmar_Hofmann
221_0,0,32,O. G. Costa,http://dbpedia.org/resource/Oronzio_Gabriele_Costa
221_0,0,33,O. Marek,http://dbpedia.org/resource/Oldřich_Marek
221_0,0,34,O. Radoszkowski,http://dbpedia.org/resource/Oktawiusz_Radoszkowski
221_0,0,35,N. Boubée,http://dbpedia.org/resource/Nérée_Boubée
221_0,0,36,N. G. Yershov,http://dbpedia.org/resource/Nikolay_Grigoryevich_Erschoff
221_0,0,37,Nikolaus Poda von Neuhaus,http://dbpedia.org/resource/Nikolaus_Poda_von_Neuhaus
221_0,0,38,N. Boubée,http://dbpedia.org/resource/Nérée_Boubée
221_0,0,39,M. B. Borkhausen,http://dbpedia.org/resource/Moritz_Balthasar_Borkhausen
221_0,0,40,Maurice Gilbert Perrot des Gozis,http://dbpedia.org/resource/Maurice_Gilbert_Perrot_des_Gozis
221_0,0,41,M. Caullery,http://dbpedia.org/resource/Maurice_Caullery
221_0,0,42,M. Grandi,http://dbpedia.org/resource/Marta_Grandi
221_0,0,43,Mariano de la Paz Graëlls y de la Aguera,http://dbpedia.org/resource/Mariano_de_la_Paz_Graëlls_y_de_la_Aguera
221_0,0,44,L. Fairmaire,http://dbpedia.org/resource/Léon_Fairmaire
221_0,0,45,L. Bellardi,http://dbpedia.org/resource/Luigi_Bellardi
221_0,0,46,L. Ganglbauer,http://dbpedia.org/resource/Ludwig_Ganglbauer
221_0,0,47,Ludwig Carl Christian Koch,http://dbpedia.org/resource/Ludwig_Carl_Christian_Koch
221_0,0,48,L. Berland,http://dbpedia.org/resource/Lucien_Berland
221_0,0,49,Lucas Friedrich Julius Dominikus von Heyden,http://dbpedia.org/resource/Lucas_Friedrich_Julius_Dominikus_von_Heyden
221_0,0,50,L. J. Reiche,http://dbpedia.org/resource/Louis_Jérôme_Reiche
221_0,0,51,L. G. d'Antessanty,http://dbpedia.org/resource/Louis_Gabriel_d'Antessanty
221_0,0,52,L. E. Robert,"http://dbpedia.org/resource/Robert_Baden-Powell,_1st_Baron_Baden-Powell"
221_0,0,53,L. Camerano,http://dbpedia.org/resource/Lorenzo_Camerano
221_0,0,54,L. Navás,http://dbpedia.org/resource/Longinos_Navás
221_0,0,55,L. Fairmaire,http://dbpedia.org/resource/Léon_Fairmaire
221_0,0,56,Karl Borromaeus Maria Josef Heller,http://dbpedia.org/resource/Karl_Borromaeus_Maria_Josef_Heller
221_0,0,57,Jørgen Matthias Christian Schiødte,http://dbpedia.org/resource/Jørgen_Matthias_Christian_Schiødte
221_0,0,58,J. Weise,http://dbpedia.org/resource/Julius_Weise
221_0,0,59,J. V. Carus,http://dbpedia.org/resource/Julius_Victor_Carus
221_0,0,60,J. Roger,http://dbpedia.org/resource/Julius_Roger
221_0,0,61,J. P. Rambur,http://dbpedia.org/resource/Jules_Pierre_Rambur
221_0,0,62,José Cândido de Melo Carvalho,http://dbpedia.org/resource/José_Cândido_de_Melo_Carvalho
221_0,0,63,J. Kriechbaumer,http://dbpedia.org/resource/Joseph_Kriechbaumer
221_0,0,64,J. Fahringer,http://dbpedia.org/resource/Josef_Fahringer
221_0,0,65,José Cândido de Melo Carvalho,http://dbpedia.org/resource/José_Cândido_de_Melo_Carvalho
221_0,0,66,J. R. Schellenberg,http://dbpedia.org/resource/Johann_Rudolph_Schellenberg
221_0,0,67,J. P. Breyne,http://dbpedia.org/resource/Johann_Philipp_Breyne
221_0,0,68,Johann Nepomuk von Laicharting,http://dbpedia.org/resource/Johann_Nepomuk_von_Laicharting
221_0,0,69,Johann Leopold Theodor Friedrich Zincken,http://dbpedia.org/resource/Johann_Leopold_Theodor_Friedrich_Zincken
221_0,0,70,Johann Karl Wilhelm Illiger,http://dbpedia.org/resource/Johann_Karl_Wilhelm_Illiger
221_0,0,71,J. H. Sulzer,http://dbpedia.org/resource/Johann_Heinrich_Sulzer
221_0,0,72,J. G. Kugelann,http://dbpedia.org/resource/Johann_Gottlieb_Kugelann
221_0,0,73,J. F. Wolff,http://dbpedia.org/resource/Caspar_Friedrich_Wolff
221_0,0,74,Johann Friedrich Wilhelm Herbst,http://dbpedia.org/resource/Johann_Friedrich_Wilhelm_Herbst
221_0,0,75,J. F. Jaennicke,http://dbpedia.org/resource/Johann_Friedrich_Jaennicke
221_0,0,76,J. C. Mikan,http://dbpedia.org/resource/Johann_Christian_Mikan
221_0,0,77,Johann Carl Megerle von Mühlfeld,http://dbpedia.org/resource/Johann_Carl_Megerle_von_Mühlfeld
221_0,0,78,J. A. Schnabl,http://dbpedia.org/resource/Johann_Andreas_Schnabl
221_0,0,79,J. R. Sahlberg,http://dbpedia.org/resource/Carl_Reinhold_Sahlberg
221_0,0,80,J. É. Bercé,http://dbpedia.org/resource/Jean_Ignace_Isidore_Gérard_Grandville
221_0,0,81,J. Girard,http://de.dbpedia.org/resource/Jules_Girard
221_0,0,82,J. Wojtusiak,http://dbpedia.org/resource/Janusz_Wojtusiak
221_0,0,83,J. K. Kluk,http://dbpedia.org/resource/Jan_Krzysztof_Kluk
221_0,0,84,J. H. Laspeyres,http://dbpedia.org/resource/Jakob_Heinrich_Laspeyres
221_0,0,85,J. Aubert,http://dbpedia.org/resource/Jacques_Aubert_(entomologist)
221_0,0,86,Jørgen Matthias Christian Schiødte,http://dbpedia.org/resource/Jørgen_Matthias_Christian_Schiødte
221_0,0,87,I. Schiffermüller,http://dbpedia.org/resource/Ignaz_Schiffermüller
221_0,0,88,I. Bolívar,http://dbpedia.org/resource/Ignacio_Bolívar
221_0,0,89,H. T. Christoph,http://dbpedia.org/resource/Hugo_Theodor_Christoph
221_0,0,90,H. Lucas,http://dbpedia.org/resource/Hippolyte_Lucas
221_0,0,91,H. v. Ihering,http://dbpedia.org/resource/Hermann_von_Ihering
221_0,0,92,H. Schmitz,http://dbpedia.org/resource/Hermann_Schmitz_(entomologist)
221_0,0,93,H. R. Schaum,http://dbpedia.org/resource/Hermann_Rudolph_Schaum
221_0,0,94,H. W. Brolemann,http://dbpedia.org/resource/Henry_Wilfred_Brolemann
221_0,0,95,Henri Gadeau de Kerville,http://dbpedia.org/resource/Henri_Gadeau_de_Kerville
221_0,0,96,H. Friese,http://dbpedia.org/resource/Heinrich_Friese
221_0,0,97,H. C. Burckhardt,http://dbpedia.org/resource/Heinrich_Christian_Burckhardt
221_0,0,98,H. Kotzsch,http://dbpedia.org/resource/Hans_Kotzsch
221_0,0,99,H. Fruhstorfer,http://dbpedia.org/resource/Hans_Fruhstorfer
221_0,0,100,Hans Daniel Johan Wallengren,http://dbpedia.org/resource/Hans_Daniel_Johan_Wallengren
221_0,0,101,G. Horváth,http://dbpedia.org/resource/Géza_Horváth
221_0,0,102,G. Mayr,http://dbpedia.org/resource/Gustav_Mayr
221_0,0,103,G. Flor,http://dbpedia.org/resource/Gustav_Flor
221_0,0,104,G. Breddin,http://dbpedia.org/resource/Gustav_Breddin
221_0,0,105,G. Bey-Bienko,http://dbpedia.org/resource/Grigory_Bey-Bienko
221_0,0,106,Gottlieb August Wilhelm Herrich-Schäffer,http://dbpedia.org/resource/Gottlieb_August_Wilhelm_Herrich-Schäffer
221_0,0,107,Giuseppe Sigismondo Ala Ponzone,http://dbpedia.org/resource/Giuseppe_Sigismondo_Ala_Ponzone
221_0,0,108,G. S. Poli,http://dbpedia.org/resource/Giuseppe_Saverio_Poli
221_0,0,109,G. Cestoni,http://dbpedia.org/resource/Giacinto_Cestoni
221_0,0,110,George Henry Kendrick Thwaites,http://dbpedia.org/resource/George_Henry_Kendrick_Thwaites
221_0,0,111,G. Dieck,http://dbpedia.org/resource/Georg_Dieck
221_0,0,112,G. Horváth,http://dbpedia.org/resource/Géza_Horváth
221_0,0,113,Friedrich Wilhelm Ludwig Suckow,http://dbpedia.org/resource/Friedrich_Wilhelm_Ludwig_Suckow
221_0,0,114,Friedrich Otto Gustav Quedenfeldt,http://dbpedia.org/resource/Friedrich_Otto_Gustav_Quedenfeldt
221_0,0,115,Franz von Paula Schrank,http://dbpedia.org/resource/Franz_von_Paula_Schrank
221_0,0,116,F. Turk,http://dbpedia.org/resource/Frank_Turk_(biologist)
221_0,0,117,F. A. Bonelli,http://dbpedia.org/resource/Franco_Andrea_Bonelli
221_0,0,118,F. Silvestri,http://dbpedia.org/resource/Filippo_Silvestri
221_0,0,119,F. L. Cerf,http://dbpedia.org/resource/Ferdinand_Le_Cerf
221_0,0,120,F. Bryk,http://dbpedia.org/resource/Felix_Bryk
221_0,0,121,Eugenius Johann Christoph Esper,http://dbpedia.org/resource/Eugenius_Johann_Christoph_Esper
221_0,0,122,E. G. Munroe,http://dbpedia.org/resource/Eugene_G._Munroe
221_0,0,123,Ernst Otto Wilhelm Taschenberg,http://dbpedia.org/resource/Ernst_Otto_Wilhelm_Taschenberg
221_0,0,124,E. G. Kraatz,http://dbpedia.org/resource/Ernst_Gustav_Kraatz
221_0,0,125,E. F. Germar,http://dbpedia.org/resource/Ernst_Friedrich_Germar
221_0,0,126,E. Wasmann,http://dbpedia.org/resource/Erich_Wasmann
221_0,0,127,E. Haase,http://dbpedia.org/resource/Erich_Haase
221_0,0,128,E. Cornalia,http://dbpedia.org/resource/Emilio_Cornalia
221_0,0,129,E. M. Walker,http://dbpedia.org/resource/Edmund_Murton_Walker
221_0,0,130,D. Leston,http://dbpedia.org/resource/Dennis_Leston
221_0,0,131,C. Bieżanko,http://dbpedia.org/resource/Czesław_Bieżanko
221_0,0,132,C. Eisner,http://dbpedia.org/resource/Thomas_Eisner
221_0,0,133,C. V. Houlbert,http://dbpedia.org/resource/Constant_Vincent_Houlbert
221_0,0,134,C. Bar,http://dbpedia.org/resource/Constant_Bar
221_0,0,135,C. Rey,http://dbpedia.org/resource/Claudius_Rey
221_0,0,136,C. v. Steven,http://dbpedia.org/resource/Christian_von_Steven
221_0,0,137,C. Oberthür,http://dbpedia.org/resource/Charles_Oberthür
221_0,0,138,Charles N. F. Brisout,http://dbpedia.org/resource/Charles_N._F._Brisout
221_0,0,139,Charles Jules Edmée Brongniart,http://dbpedia.org/resource/Charles_Jules_Edmée_Brongniart
221_0,0,140,C. J. Gahan,http://dbpedia.org/resource/Charles_Joseph_Gahan
221_0,0,141,C. J. Devillers,http://dbpedia.org/resource/Charles_Joseph_Devillers
221_0,0,142,C. Coquerel,http://dbpedia.org/resource/Charles_Coquerel
221_0,0,143,C. E. Duftschmid,http://dbpedia.org/resource/Caspar_Erasmus_Duftschmid
221_0,0,144,C. Emery,http://dbpedia.org/resource/Carlo_Emery
221_0,0,145,C. v. Heyden,http://dbpedia.org/resource/Carl_von_Heyden
221_0,0,146,C. R. Osten-Sacken,http://dbpedia.org/resource/Carl_Robert_Osten-Sacken
221_0,0,147,C. R. Sahlberg,http://dbpedia.org/resource/Carl_Reinhold_Sahlberg
221_0,0,148,C. L. Koch,http://dbpedia.org/resource/Carl_Ludwig_Koch
221_0,0,149,Carl Julius Bernhard Börner,http://dbpedia.org/resource/Carl_Julius_Bernhard_Börner
221_0,0,150,C. H. Boheman,http://dbpedia.org/resource/Carl_Henrik_Boheman
221_0,0,151,C. G. Thomson,http://dbpedia.org/resource/Carl_Gustaf_Thomson
221_0,0,152,C. F. Fallén,http://dbpedia.org/resource/Carl_Fredrik_Fallén
221_0,0,153,Carl Eduard Adolph Gerstaecker,http://dbpedia.org/resource/Carl_Eduard_Adolph_Gerstaecker
221_0,0,154,C. Acqua,http://dbpedia.org/resource/Camillo_Acqua
