293_0,0,1,V. Ghezzi,http://dbpedia.org/resource/Vic_Ghezzi
293_0,0,2,V. Heafner,http://dbpedia.org/resource/Vance_Heafner
293_0,0,3,U. Grappasonni,http://dbpedia.org/resource/Ugo_Grappasonni
293_0,0,4,T. Nakamura,http://dbpedia.org/resource/Tōru_Nakamura_(golfer)
293_0,0,5,T. Manero,http://dbpedia.org/resource/Tony_Manero_(golfer)
293_0,0,6,T. Lema,http://dbpedia.org/resource/Tony_Lema
293_0,0,7,T. Penna,http://dbpedia.org/resource/Toney_Penna
293_0,0,8,T. Moore,http://dbpedia.org/resource/Tracy_Moore_(basketball)
293_0,0,9,T. Bolt,http://dbpedia.org/resource/Tommy_Bolt
293_0,0,10,T. Armour,http://dbpedia.org/resource/Tommy_Armour
293_0,0,11,T. Nieporte,http://dbpedia.org/resource/Tom_Nieporte
293_0,0,12,T. McNamara,http://dbpedia.org/resource/Tom_McNamara_(golfer)
293_0,0,13,T. Kerrigan,http://dbpedia.org/resource/Tom_Kerrigan_(golfer)
293_0,0,14,T. Creavy,http://dbpedia.org/resource/Tom_Creavy
293_0,0,15,T. Sugihara,http://dbpedia.org/resource/Teruo_Sugihara
293_0,0,16,T. Ray,http://dbpedia.org/resource/Ted_Ray_(golfer)
293_0,0,17,T. Kroll,http://dbpedia.org/resource/Ted_Kroll
293_0,0,18,T. Bishop,http://dbpedia.org/resource/Ted_Bishop_(golfer)
293_0,0,19,T. Smith,http://dbpedia.org/resource/Tony_Smith_(basketball)
293_0,0,20,T. Kono,http://dbpedia.org/resource/Takanori_Kono
293_0,0,21,T. Kitta,http://dbpedia.org/resource/Tadashi_Kitta
293_0,0,22,S. Stickney,http://dbpedia.org/resource/Stuart_Stickney
293_0,0,23,S. Maiden,http://dbpedia.org/resource/Stewart_Maiden
293_0,0,24,S. Quick,http://dbpedia.org/resource/Smiley_Quick
293_0,0,25,S. Alexander,http://dbpedia.org/resource/Shaun_Alexander
293_0,0,26,S. Riegel,http://dbpedia.org/resource/Skee_Riegel
293_0,0,27,S. Brews,http://dbpedia.org/resource/Sid_Brews
293_0,0,28,S. Mayfield,http://dbpedia.org/resource/Scott_Mayfield
293_0,0,29,S. Ballesteros,http://dbpedia.org/resource/Seve_Ballesteros
293_0,0,30,S. Urzetta,http://dbpedia.org/resource/Sam_Urzetta
293_0,0,31,S. Snead,http://dbpedia.org/resource/Sam_Snead
293_0,0,32,S. P. Jr.,http://dbpedia.org/resource/Marvin_Gaye
293_0,0,33,S. D. Herron,http://dbpedia.org/resource/Charles_D._Herron
293_0,0,34,R. Funseth,http://dbpedia.org/resource/Rod_Funseth
293_0,0,35,R. W. White,http://dbpedia.org/resource/Reggie_White
293_0,0,36,R. Hunter,http://dbpedia.org/resource/Robert_Hunter_(golfer)
293_0,0,37,R. A. Gardner,http://dbpedia.org/resource/Robert_A._Gardner_(golfer)
293_0,0,38,R. Mangrum,http://dbpedia.org/resource/Ray_Mangrum
293_0,0,39,R. McKittrick,http://dbpedia.org/resource/Ralph_McKittrick
293_0,0,40,R. Guldahl,http://dbpedia.org/resource/Ralph_Guldahl
293_0,0,41,P. O'Hara,"http://dbpedia.org/resource/Eddie_O'Hara_(footballer,_born_1935)"
293_0,0,42,P. Brown,http://dbpedia.org/resource/Patricia_Brown
293_0,0,43,P. Adair,http://dbpedia.org/resource/Perry_Adair
293_0,0,44,P. Stewart,http://dbpedia.org/resource/Payne_Stewart
293_0,0,45,P. Whittier,http://dbpedia.org/resource/Pauline_Whittier
293_0,0,46,P. Runyan,http://dbpedia.org/resource/Paul_Runyan
293_0,0,47,P. Harney,http://dbpedia.org/resource/Paul_Harney
293_0,0,48,P. Berg,http://dbpedia.org/resource/Patty_Berg
293_0,0,49,O. Hackbarth,http://dbpedia.org/resource/Otto_Hackbarth
293_0,0,50,O. Moody,http://dbpedia.org/resource/Orville_Moody
293_0,0,51,O. Jones,http://dbpedia.org/resource/Ozell_Jones
293_0,0,52,O. Dutra,http://dbpedia.org/resource/Olin_Dutra
293_0,0,53,N. V. Nida,http://dbpedia.org/resource/Norman_Von_Nida
293_0,0,54,N. Moore,http://dbpedia.org/resource/Nathaniel_Moore
293_0,0,55,M. Dutra,http://dbpedia.org/resource/Mortie_Dutra
293_0,0,56,M. Kaser,http://dbpedia.org/resource/Monty_Kaser
293_0,0,57,M. Norman,http://dbpedia.org/resource/Moe_Norman
293_0,0,58,M. Barber,http://dbpedia.org/resource/Miller_Barber
293_0,0,59,M. Turnesa,http://dbpedia.org/resource/Mike_Turnesa
293_0,0,60,M. Souchak,http://dbpedia.org/resource/Mike_Souchak
293_0,0,61,M. Fetchick,http://dbpedia.org/resource/Mike_Fetchick
293_0,0,62,M. Brannan,http://dbpedia.org/resource/Mike_Brannan
293_0,0,63,M. Brady,http://dbpedia.org/resource/Mike_Brady_(golfer)
293_0,0,64,M. Christie,http://dbpedia.org/resource/Michael_Christie_(golfer)
293_0,0,65,M. R. Marston,http://dbpedia.org/resource/Max_Marston
293_0,0,66,M. Phelps,http://dbpedia.org/resource/Mason_Phelps
293_0,0,67,M. Amono,http://dbpedia.org/resource/Masaru_Amono
293_0,0,68,M. Furgol,http://dbpedia.org/resource/Ed_Furgol
293_0,0,69,M. Smith,"http://dbpedia.org/resource/Michael_Smith_(footballer,_born_1988)"
293_0,0,70,L. Suggs,http://dbpedia.org/resource/Louise_Suggs
293_0,0,71,L. N. James,http://dbpedia.org/resource/Louis_N._James
293_0,0,72,L. Mangrum,http://dbpedia.org/resource/Lloyd_Mangrum
293_0,0,73,L. Gullickson,http://dbpedia.org/resource/Lloyd_Gullickson
293_0,0,74,L. Hebert,http://dbpedia.org/resource/Lionel_Hebert
293_0,0,75,L. Worsham,http://dbpedia.org/resource/Lew_Worsham
293_0,0,76,L. Dodson,http://dbpedia.org/resource/Leonard_Dodson
293_0,0,77,L. Gilbert,http://dbpedia.org/resource/Larry_Gilbert
293_0,0,78,K. Laffoon,http://dbpedia.org/resource/Ky_Laffoon
293_0,0,79,K. Edwards,http://dbpedia.org/resource/Kenneth_Edwards_(golfer)
293_0,0,80,K. Venturi,http://dbpedia.org/resource/Ken_Venturi
293_0,0,81,K. Nagle,http://dbpedia.org/resource/Kel_Nagle
293_0,0,82,J. Boros,http://dbpedia.org/resource/Julius_Boros
293_0,0,83,J. McSpaden,http://dbpedia.org/resource/Jug_McSpaden
293_0,0,84,J. Gustin,http://dbpedia.org/resource/Jon_Gustin
293_0,0,85,J. Revolta,http://dbpedia.org/resource/Johnny_Revolta
293_0,0,86,J. Goodman,http://dbpedia.org/resource/Johnny_Goodman
293_0,0,87,J. Golden,http://dbpedia.org/resource/Johnny_Golden
293_0,0,88,J. Farrell,http://dbpedia.org/resource/Jack_Farrell
293_0,0,89,J. Dawson,http://dbpedia.org/resource/Jamie_Dawson
293_0,0,90,J. Bulla,http://dbpedia.org/resource/Johnny_Bulla
293_0,0,91,J. Shippen,http://dbpedia.org/resource/John_Shippen
293_0,0,92,J. Schlee,http://dbpedia.org/resource/John_Schlee
293_0,0,93,J. Rahm,http://dbpedia.org/resource/John_Rahm
293_0,0,94,J. McDermott,http://dbpedia.org/resource/John_McDermott_(golfer)
293_0,0,95,J. Fischer,http://dbpedia.org/resource/Bobby_Fischer
293_0,0,96,J. Cady,http://dbpedia.org/resource/John_Cady_(golfer)
293_0,0,97,J. Turnesa,http://dbpedia.org/resource/Jim_Turnesa
293_0,0,98,J. Sylvester,http://dbpedia.org/resource/Joe_Sylvester
293_0,0,99,J. Roseman,http://dbpedia.org/resource/Chief_Roseman
293_0,0,100,J. K. Sr.,"http://dbpedia.org/resource/Joe_Kendrick_(footballer,_born_1905)"
293_0,0,101,J. Jimenez,http://dbpedia.org/resource/Joe_Jimenez
293_0,0,102,J. Hutchison,http://dbpedia.org/resource/Jock_Hutchison
293_0,0,103,J. Thomson,"http://dbpedia.org/resource/John_Thomson_(footballer,_born_1909)"
293_0,0,104,J. Martin,http://dbpedia.org/resource/Jacob_Martin
293_0,0,105,J. Hines,http://dbpedia.org/resource/Jimmy_Hines
293_0,0,106,J. Demaret,http://dbpedia.org/resource/Jimmy_Demaret
293_0,0,107,J. Turnesa,http://dbpedia.org/resource/Jim_Turnesa
293_0,0,108,J. Simons,http://dbpedia.org/resource/Jim_Simons_(golfer)
293_0,0,109,J. Foulis,http://dbpedia.org/resource/James_Foulis
293_0,0,110,J. P. Guilford,http://dbpedia.org/resource/Jesse_Guilford
293_0,0,111,J. Carleton,http://dbpedia.org/resource/Jesse_Carleton
293_0,0,112,J. Sweetser,http://dbpedia.org/resource/Jess_Sweetser
293_0,0,113,J. Barber,http://dbpedia.org/resource/Jerry_Barber
293_0,0,114,J. Travers,http://dbpedia.org/resource/Jerome_Travers
293_0,0,115,J. Julian,http://dbpedia.org/resource/Jeff_Julian_(golfer)
293_0,0,116,J. Hebert,http://dbpedia.org/resource/Jay_Hebert
293_0,0,117,J. Foulis,http://dbpedia.org/resource/James_Foulis
293_0,0,118,J. McGowan,"http://dbpedia.org/resource/Jimmy_McGowan_(footballer,_born_1924)"
293_0,0,119,J. Kiefer,http://dbpedia.org/resource/Jack_Kiefer_(golfer)
293_0,0,120,J. Hobens,http://dbpedia.org/resource/Jack_Hobens
293_0,0,121,J. Grout,http://dbpedia.org/resource/Jack_Grout
293_0,0,122,J. Forrester,http://dbpedia.org/resource/Bill_Forrester
293_0,0,123,J. Fleck,http://dbpedia.org/resource/Jack_Fleck
293_0,0,124,J. Dowling,http://dbpedia.org/resource/Jonathan_Dowling_(American_football)
293_0,0,125,J. Bugg,http://dbpedia.org/resource/Jace_Bugg
293_0,0,126,I. Whitton,http://dbpedia.org/resource/Ivo_Whitton
293_0,0,127,I. Mackie,http://dbpedia.org/resource/Isaac_Mackie
293_0,0,128,H. R. Jr.,http://dbpedia.org/resource/Hugh_Royer_Jr.
293_0,0,129,H. Johnson,http://dbpedia.org/resource/Harold_Johnson_(basketball)
293_0,0,130,H. Smith,http://dbpedia.org/resource/Hilton_Smith
293_0,0,131,H. Sasaki,http://dbpedia.org/resource/Sho_Sasaki
293_0,0,132,H. Ishii,http://dbpedia.org/resource/Hirotoshi_Ishii
293_0,0,133,H. Robbins,http://dbpedia.org/resource/Hillman_Robbins
293_0,0,134,H. Keiser,http://dbpedia.org/resource/Herman_Keiser
293_0,0,135,H. Barron,http://dbpedia.org/resource/Herman_Barron
293_0,0,136,H. Leeds,http://dbpedia.org/resource/Herbert_Leeds
293_0,0,137,H. W. Jr.,http://dbpedia.org/resource/Henry_Slocum_(tennis)
293_0,0,138,H. Ransom,http://dbpedia.org/resource/Henry_Ransom
293_0,0,139,H. Potter,http://dbpedia.org/resource/Henry_Potter_(golfer)
293_0,0,140,H. Picard,http://dbpedia.org/resource/Henry_Picard
293_0,0,141,H. Ciuci,http://dbpedia.org/resource/Henry_Ciuci
293_0,0,142,H. Ward,http://dbpedia.org/resource/Holcombe_Ward
293_0,0,143,H. Vardon,http://dbpedia.org/resource/Harry_Vardon
293_0,0,144,H. Todd,http://dbpedia.org/resource/Harry_Todd_(golfer)
293_0,0,145,H. Hampton,"http://dbpedia.org/resource/Harry_Hampton_(footballer,_born_1885)"
293_0,0,146,H. Cooper,http://dbpedia.org/resource/Harry_Cooper_(golfer)
293_0,0,147,H. R. Johnston,http://dbpedia.org/resource/Rebecca_Johnston
293_0,0,148,H. Weber,http://dbpedia.org/resource/Hans_Weber
293_0,0,149,H. Fraser,http://dbpedia.org/resource/Harold_Fraser_(golfer)
293_0,0,150,G. Collett-Vare,http://dbpedia.org/resource/Glenna_Collett-Vare
293_0,0,151,G. Nicholls,http://dbpedia.org/resource/Gilbert_Nicholls
293_0,0,152,G. V. Elm,http://dbpedia.org/resource/George_Von_Elm
293_0,0,153,G. Simpson,http://dbpedia.org/resource/George_Simpson_(sprinter)
293_0,0,154,G. McLean,"http://dbpedia.org/resource/George_McLean_(footballer,_born_1943)"
293_0,0,155,G. L. Sr.,http://dbpedia.org/resource/George_Low_Sr.
293_0,0,156,G. L. Jr.,http://dbpedia.org/resource/George_Low_Jr.
293_0,0,157,G. Fotheringham,http://dbpedia.org/resource/George_Fotheringham
293_0,0,158,G. Fazio,http://dbpedia.org/resource/George_Fazio
293_0,0,159,G. Dunlap,http://dbpedia.org/resource/George_Dunlap_(golfer)
293_0,0,160,G. Bayer,http://dbpedia.org/resource/George_Bayer
293_0,0,161,G. Archer,http://dbpedia.org/resource/George_Archer
293_0,0,162,G. Sarazen,http://dbpedia.org/resource/Gene_Sarazen
293_0,0,163,G. Kunes,http://dbpedia.org/resource/Gene_Kunes
293_0,0,164,G. Brewer,http://dbpedia.org/resource/Gay_Brewer
293_0,0,165,G. Dickinson,http://dbpedia.org/resource/Gardner_Dickinson
293_0,0,166,F. Semple,http://dbpedia.org/resource/Frederick_Semple
293_0,0,167,F. Wampler,http://dbpedia.org/resource/Fred_Wampler_(golfer)
293_0,0,168,F. McLeod,http://dbpedia.org/resource/Fred_McLeod
293_0,0,169,F. Herreshoff,http://dbpedia.org/resource/Fred_Herreshoff
293_0,0,170,F. Hawkins,http://dbpedia.org/resource/Fred_Hawkins
293_0,0,171,F. Haas,http://dbpedia.org/resource/Fred_Haas
293_0,0,172,F. Stranahan,http://dbpedia.org/resource/Frank_Stranahan
293_0,0,173,F. Sprogell,http://dbpedia.org/resource/Frank_Sprogell
293_0,0,174,F. Dufina,http://dbpedia.org/resource/Frank_Dufina
293_0,0,175,F. Ouimet,http://dbpedia.org/resource/Francis_Ouimet
293_0,0,176,F. Newton,http://dbpedia.org/resource/Francis_Newton_(golfer)
293_0,0,177,F. Serafin,http://dbpedia.org/resource/Felix_Serafin
293_0,0,178,F. Torza,http://dbpedia.org/resource/Felice_Torza
293_0,0,179,F. Crocker,http://dbpedia.org/resource/Fay_Crocker
293_0,0,180,E. Ball,http://dbpedia.org/resource/Errie_Ball
293_0,0,181,E. Vossler,http://dbpedia.org/resource/Ernie_Vossler
293_0,0,182,E. Monti,http://dbpedia.org/resource/Eric_Monti
293_0,0,183,E. French,http://dbpedia.org/resource/Emmet_French
293_0,0,184,E. Cummins,http://dbpedia.org/resource/Edward_Cummins
293_0,0,185,E. Loos,http://dbpedia.org/resource/Eddie_Loos
293_0,0,186,E. Oliver,http://dbpedia.org/resource/Eric_Oliver_(footballer)
293_0,0,187,E. Furgol,http://dbpedia.org/resource/Ed_Furgol
293_0,0,188,E. Dudley,http://dbpedia.org/resource/Ed_Dudley
293_0,0,189,E. Byers,http://dbpedia.org/resource/Eben_Byers
293_0,0,190,E. Stewart,http://dbpedia.org/resource/Earl_Stewart
293_0,0,191,D. Wysong,http://dbpedia.org/resource/Dudley_Wysong
293_0,0,192,D. Cadwallader,http://dbpedia.org/resource/Douglass_Cadwallader
293_0,0,193,D. Campbell,http://dbpedia.org/resource/Dougie_Campbell
