29_0,0,1,J. Naismith,http://dbpedia.org/resource/James_Naismith
29_0,0,2,J. Counsilman,http://dbpedia.org/resource/James_Counsilman
29_0,0,3,J. Coombs,http://dbpedia.org/resource/Jack_Coombs
29_0,0,4,J. B. Wilson,http://dbpedia.org/resource/James_B._Wilson
29_0,0,5,J. Parker,http://dbpedia.org/resource/Jackie_Parker
29_0,0,6,J. Smiley,http://dbpedia.org/resource/Jack_Smiley
29_0,0,7,J. Ramsay,http://dbpedia.org/resource/Jack_Ramsay
29_0,0,8,J. Pardee,http://dbpedia.org/resource/Jack_Pardee
29_0,0,9,J. McDowall,http://dbpedia.org/resource/Jack_McDowall
29_0,0,10,J. Johnson,http://dbpedia.org/resource/Joe_Johnson_(basketball)
29_0,0,11,J. Hubbard,http://dbpedia.org/resource/Cal_Hubbard
29_0,0,12,J. Hartman,http://dbpedia.org/resource/Jack_Hartman
29_0,0,13,J. Gotta,http://dbpedia.org/resource/Jack_Gotta
29_0,0,14,J. Gardner,http://dbpedia.org/resource/Jack_Gardner_(basketball)
29_0,0,15,J. Elway,http://dbpedia.org/resource/Jack_Elway
29_0,0,16,J. Depler,http://dbpedia.org/resource/Jack_Depler
29_0,0,17,J. Chevigny,http://dbpedia.org/resource/Jack_Chevigny
29_0,0,18,J. G. Bannon,http://dbpedia.org/resource/J._G._Bannon
29_0,0,19,I. Davenport,http://dbpedia.org/resource/Ira_Davenport_(athlete)
29_0,0,20,I. Armstrong,http://dbpedia.org/resource/Ike_Armstrong
29_0,0,21,H. Bezdek,http://dbpedia.org/resource/Hugo_Bezdek
29_0,0,22,H. Wagner,http://dbpedia.org/resource/Hubert_Wagner
29_0,0,23,H. Jones,"http://dbpedia.org/resource/Harry_Jones_(footballer,_born_1911)"
29_0,0,24,H. Hobson,http://dbpedia.org/resource/Howard_Hobson
29_0,0,25,H. Hancock,http://dbpedia.org/resource/Luke_Hancock
29_0,0,26,H. Cann,http://dbpedia.org/resource/Howard_Cann
29_0,0,27,H. W. Hargiss,http://dbpedia.org/resource/Homer_Woodson_Hargiss
29_0,0,28,H. Iba,http://dbpedia.org/resource/Henry_Iba
29_0,0,29,H. Edmundson,http://dbpedia.org/resource/Hec_Edmundson
29_0,0,30,H. Anderson,http://dbpedia.org/resource/Hank_Anderson
29_0,0,31,H. Harman,http://dbpedia.org/resource/Harvey_Harman
29_0,0,32,H. Stuhldreher,http://dbpedia.org/resource/Harry_Stuhldreher
29_0,0,33,H. Kipke,http://dbpedia.org/resource/Harry_Kipke
29_0,0,34,H. A. Fisher,http://dbpedia.org/resource/Harry_A._Fisher
29_0,0,35,H. Coleman,http://dbpedia.org/resource/Will_Coleman_(American_football)
29_0,0,36,H. Olsen,http://dbpedia.org/resource/Harold_Olsen
29_0,0,37,H. Iddings,http://dbpedia.org/resource/Harold_Iddings
29_0,0,38,H. Elliott,http://dbpedia.org/resource/Harry_Elliott_(baseball)
29_0,0,39,H. Stram,http://dbpedia.org/resource/Hank_Stram
29_0,0,40,H. Crisp,http://dbpedia.org/resource/Hank_Crisp
29_0,0,41,G. Lewis,http://dbpedia.org/resource/Grady_Lewis
29_0,0,42,G. Chamberlin,http://dbpedia.org/resource/Guy_Chamberlin
29_0,0,43,G. Falcon,http://dbpedia.org/resource/Guil_Falcon
29_0,0,44,G. Neale,http://dbpedia.org/resource/Greasy_Neale
29_0,0,45,G. Thistlethwaite,http://dbpedia.org/resource/Glenn_Thistlethwaite
29_0,0,46,G. M. Curtis,http://dbpedia.org/resource/Glenn_M._Curtis
29_0,0,47,G. Dobbs,http://dbpedia.org/resource/Glenn_Dobbs
29_0,0,48,G. Dobie,http://dbpedia.org/resource/Gil_Dobie
29_0,0,49,G. Schulz,http://dbpedia.org/resource/Germany_Schulz
29_0,0,50,G. Tucker,http://dbpedia.org/resource/Gerald_Tucker
29_0,0,51,G. Sauer,http://dbpedia.org/resource/George_Sauer
29_0,0,52,G. S. Whitney,http://dbpedia.org/resource/George_S._Whitney
29_0,0,53,G. Keogan,http://dbpedia.org/resource/George_Keogan
29_0,0,54,G. Ireland,http://dbpedia.org/resource/George_Ireland
29_0,0,55,G. Halas,http://dbpedia.org/resource/George_Halas
29_0,0,56,G. H. Bond,http://dbpedia.org/resource/George_H._Bond
29_0,0,57,G. Gibson,http://dbpedia.org/resource/George_Gibson_(baseball)
29_0,0,58,G. F. Veenker,http://dbpedia.org/resource/George_F._Veenker
29_0,0,59,G. Andree,http://dbpedia.org/resource/George_Andree
29_0,0,60,G. Ronzani,http://dbpedia.org/resource/Gene_Ronzani
29_0,0,61,G. Carpenter,http://dbpedia.org/resource/Gordon_Carpenter
29_0,0,62,G. Bartow,http://dbpedia.org/resource/Gene_Bartow
29_0,0,63,F. Westering,http://dbpedia.org/resource/Frosty_Westering
29_0,0,64,F. W. Murphy,http://dbpedia.org/resource/Fred_W._Murphy
29_0,0,65,F. Taylor,"http://dbpedia.org/resource/Fred_Taylor_(basketball,_born_1924)"
29_0,0,66,F. Wickhorst,http://dbpedia.org/resource/Frank_Wickhorst
29_0,0,67,F. Shaughnessy,http://dbpedia.org/resource/Frank_Shaughnessy
29_0,0,68,F. M. Pleasant,http://dbpedia.org/resource/Frank_Mount_Pleasant
29_0,0,69,F. McGuire,http://dbpedia.org/resource/Frank_McGuire
29_0,0,70,F. Lauterbur,http://dbpedia.org/resource/Frank_Lauterbur
29_0,0,71,F. Kyle,http://dbpedia.org/resource/Frank_Kyle
29_0,0,72,F. Gargan,http://dbpedia.org/resource/Frank_Gargan
29_0,0,73,F. Clair,http://dbpedia.org/resource/Frank_Clair
29_0,0,74,F. Castleman,http://dbpedia.org/resource/Frank_Castleman
29_0,0,75,F. Peay,http://dbpedia.org/resource/Francis_Peay
29_0,0,76,F. Flumere,http://dbpedia.org/resource/Foxy_Flumere
29_0,0,77,F. Firestone,http://dbpedia.org/resource/Forest_Firestone
29_0,0,78,F. Anderson,http://dbpedia.org/resource/Flipper_Anderson
29_0,0,79,F. Saunders,http://dbpedia.org/resource/Flip_Saunders
29_0,0,80,F. Moulton,http://dbpedia.org/resource/Fay_Moulton
29_0,0,81,F. M. Touchstone,http://dbpedia.org/resource/F._Morris_Touchstone
29_0,0,82,E. Shelton,http://dbpedia.org/resource/Everett_Shelton
29_0,0,83,E. Dean,http://dbpedia.org/resource/Everett_Dean
29_0,0,84,E. Case,http://dbpedia.org/resource/Everett_Case
29_0,0,85,E. Oberst,http://dbpedia.org/resource/Eugene_Oberst
29_0,0,86,E. Nevers,http://dbpedia.org/resource/Ernie_Nevers
29_0,0,87,E. C. Quigley,http://dbpedia.org/resource/Ernest_C._Quigley
29_0,0,88,E. Jacobsen,http://dbpedia.org/resource/Elsa_Jacobsen
29_0,0,89,E. Ripley,http://dbpedia.org/resource/Elmer_Ripley
29_0,0,90,E. Layden,http://dbpedia.org/resource/Elmer_Layden
29_0,0,91,E. O. Smith,http://dbpedia.org/resource/T._E._Lawrence
29_0,0,92,E. J. Hickox,http://dbpedia.org/resource/Edward_J._Hickox
29_0,0,93,E. Diddle,http://dbpedia.org/resource/Edgar_Diddle
29_0,0,94,E. Hickey,http://dbpedia.org/resource/Eddie_Hickey
29_0,0,95,E. Weir,http://dbpedia.org/resource/David_Weir_(Scottish_footballer)
29_0,0,96,E. Kelleher,http://dbpedia.org/resource/Ed_Kelleher
29_0,0,97,E. Doherty,http://dbpedia.org/resource/Ed_Doherty_(American_football)
29_0,0,98,E. Danowski,http://dbpedia.org/resource/Ed_Danowski
29_0,0,99,E. Potteiger,http://dbpedia.org/resource/Earl_Potteiger
29_0,0,100,E. Keys,http://dbpedia.org/resource/Eagle_Keys
29_0,0,101,E. J. Stewart,http://dbpedia.org/resource/E._J._Stewart
29_0,0,102,D. Watson,http://dbpedia.org/resource/Dwight_Watson_(American_football)
29_0,0,103,D. Lonborg,http://dbpedia.org/resource/Dutch_Lonborg
29_0,0,104,D. Clark,http://dbpedia.org/resource/Don_Clark_(American_football)
29_0,0,105,D. DeGroot,http://dbpedia.org/resource/Dudley_DeGroot
29_0,0,106,D. Moore,http://dbpedia.org/resource/Dickie_Moore_(ice_hockey)
29_0,0,107,D. Dowell,http://dbpedia.org/resource/Duck_Dowell
29_0,0,108,D. Parrack,http://dbpedia.org/resource/Doyle_Parrack
29_0,0,109,D. White,http://dbpedia.org/resource/Doc_White
29_0,0,110,D. Schaly,http://dbpedia.org/resource/Don_Schaly
29_0,0,111,D. Miller,http://dbpedia.org/resource/Daniel_Miller_(basketball)
29_0,0,112,D. Meyer,http://dbpedia.org/resource/Don_Meyer
29_0,0,113,D. James,http://dbpedia.org/resource/Don_James_(American_football)
29_0,0,114,D. Haskins,http://dbpedia.org/resource/Don_Haskins
29_0,0,115,D. Coryell,http://dbpedia.org/resource/Don_Coryell
29_0,0,116,D. Clark,http://dbpedia.org/resource/Don_Clark_(American_football)
29_0,0,117,D. Boven,http://dbpedia.org/resource/Don_Boven
29_0,0,118,D. Julian,http://dbpedia.org/resource/Doggie_Julian
29_0,0,119,D. Young,http://dbpedia.org/resource/Dick_Young_(baseball)
29_0,0,120,D. Alexander,http://dbpedia.org/resource/David_Alexander_(footballer)
29_0,0,121,D. Martin,http://dbpedia.org/resource/Darrick_Martin
29_0,0,122,D. Siebert,http://dbpedia.org/resource/Dick_Siebert
29_0,0,123,D. Rauch,http://dbpedia.org/resource/Dick_Rauch
29_0,0,124,D. McGrath,http://dbpedia.org/resource/Donnie_McGrath
29_0,0,125,D. Scanlon,http://dbpedia.org/resource/Dewey_Scanlon
29_0,0,126,D. Mayhew,http://dbpedia.org/resource/Dewey_Mayhew
29_0,0,127,D. Grady,http://dbpedia.org/resource/Dennis_Grady
29_0,0,128,D. Smith,"http://dbpedia.org/resource/Don_Smith_(basketball,_born_1951)"
29_0,0,129,D. F. Weeks,http://dbpedia.org/resource/David_F._Weeks
29_0,0,130,D. Strack,http://dbpedia.org/resource/Dave_Strack
29_0,0,131,D. Smith,"http://dbpedia.org/resource/Don_Smith_(basketball,_born_1951)"
29_0,0,132,D. Skrien,http://dbpedia.org/resource/Dave_Skrien
29_0,0,133,D. Gavitt,http://dbpedia.org/resource/Dave_Gavitt
29_0,0,134,D. Devine,http://dbpedia.org/resource/Dan_Devine
29_0,0,135,D. Boisture,http://dbpedia.org/resource/Dan_Boisture
29_0,0,136,D. Hall,http://dbpedia.org/resource/DeAngelo_Hall
29_0,0,137,C. Redden,http://dbpedia.org/resource/Curtis_Redden
29_0,0,138,C. Lambeau,http://dbpedia.org/resource/Curly_Lambeau
29_0,0,139,C. Rush,http://dbpedia.org/resource/Clive_Rush
29_0,0,140,C. Abbott,http://dbpedia.org/resource/Charles_Abbott_(cricketer)
29_0,0,141,C. A. O'Donnell,http://dbpedia.org/resource/Cleo_A._O'Donnell
29_0,0,142,C. Allen,http://dbpedia.org/resource/Phog_Allen
29_0,0,143,C. V. Galder,http://dbpedia.org/resource/Clark_Van_Galder
29_0,0,144,C. Kenney,http://dbpedia.org/resource/Bob_Kenney
29_0,0,145,C. Gaines,http://dbpedia.org/resource/Clarence_Gaines
29_0,0,146,C. Childs,http://dbpedia.org/resource/Clarence_Childs
29_0,0,147,C. Bee,http://dbpedia.org/resource/Clair_Bee
29_0,0,148,C. Noll,http://dbpedia.org/resource/Chuck_Noll
29_0,0,149,C. Fairbanks,http://dbpedia.org/resource/Chuck_Fairbanks
29_0,0,150,C. Pittser,http://dbpedia.org/resource/Chester_Pittser
29_0,0,151,C. Elliott,http://dbpedia.org/resource/Charlie_Elliott
29_0,0,152,C. O'Rourke,http://dbpedia.org/resource/Charlie_O'Rourke
29_0,0,153,C. Bachman,http://dbpedia.org/resource/Charlie_Bachman
29_0,0,154,C. Atherton,http://dbpedia.org/resource/Charlie_Atherton
29_0,0,155,C. Shipp,http://dbpedia.org/resource/Charley_Shipp
29_0,0,156,C. Aull,http://dbpedia.org/resource/Charley_Aull
29_0,0,157,C. N. Crosby,http://dbpedia.org/resource/Charles_N._Crosby
29_0,0,158,C. Mosley,http://dbpedia.org/resource/Charles_Mosley_(coach)
29_0,0,159,C. McClendon,http://dbpedia.org/resource/Charles_McClendon
29_0,0,160,C. Brickley,http://dbpedia.org/resource/Charles_Brickley
29_0,0,161,C. A. West,http://dbpedia.org/resource/Charles_A._West
29_0,0,162,C. A. Bernier,http://dbpedia.org/resource/Charles_A._Bernier
29_0,0,163,C. Isbell,http://dbpedia.org/resource/Cecil_Isbell
29_0,0,164,C. Piccone,http://dbpedia.org/resource/Carmen_Piccone
29_0,0,165,C. Storck,http://dbpedia.org/resource/Carl_Storck
29_0,0,166,C. Edwards,http://dbpedia.org/resource/Corsley_Edwards
29_0,0,167,C. Murphy,http://dbpedia.org/resource/Con_Murphy_(baseball)
29_0,0,168,C. F. Gayles,http://dbpedia.org/resource/Chris_Gayle
29_0,0,169,B. D. Crudup,http://dbpedia.org/resource/Byrd_D._Crudup
29_0,0,170,Butch van Breda Kolff,http://dbpedia.org/resource/Butch_van_Breda_Kolff
29_0,0,171,B. O'Grady,http://dbpedia.org/resource/Buddy_O'Grady
29_0,0,172,B. Jeannette,http://dbpedia.org/resource/Buddy_Jeannette
29_0,0,173,B. Millikan,http://dbpedia.org/resource/Bud_Millikan
29_0,0,174,B. Hale,http://dbpedia.org/resource/Bruce_Hale
29_0,0,175,B. Drake,http://dbpedia.org/resource/Bruce_Drake
29_0,0,176,B. Dodd,http://dbpedia.org/resource/Bobby_Dodd
29_0,0,177,B. Voigts,http://dbpedia.org/resource/Bob_Voigts
29_0,0,178,B. Johnson,http://dbpedia.org/resource/Bill_Johnson_(center)
29_0,0,179,B. Fetzer,http://dbpedia.org/resource/Bill_Fetzer
29_0,0,180,B. Howell,http://dbpedia.org/resource/Bailey_Howell
29_0,0,181,B. Collier,http://dbpedia.org/resource/Bobby_Collier
29_0,0,182,B. Walsh,http://dbpedia.org/resource/Blair_Walsh
29_0,0,183,B. Swiacki,http://dbpedia.org/resource/Bill_Swiacki
29_0,0,184,B. Schmitz,http://dbpedia.org/resource/Bob_Schmitz
29_0,0,185,B. Musselman,http://dbpedia.org/resource/Bill_Musselman
29_0,0,186,B. McPeak,http://dbpedia.org/resource/Bill_McPeak
29_0,0,187,B. Horr,http://dbpedia.org/resource/Bill_Horr
29_0,0,188,B. Blakeley,http://dbpedia.org/resource/Bill_Blakeley
29_0,0,189,B. Beall,http://dbpedia.org/resource/Bill_Beall
29_0,0,190,B. Arnsparger,http://dbpedia.org/resource/Bill_Arnsparger
29_0,0,191,B. Falk,http://dbpedia.org/resource/Bibb_Falk
29_0,0,192,B. LaBrucherie,http://dbpedia.org/resource/Bert_LaBrucherie
29_0,0,193,B. Bell,http://dbpedia.org/resource/Beau_Bell
29_0,0,194,B. Oosterbaan,http://dbpedia.org/resource/Bennie_Oosterbaan
29_0,0,195,B. Ellender,http://dbpedia.org/resource/Bennie_Ellender
29_0,0,196,B. Carnevale,http://dbpedia.org/resource/Ben_Carnevale
29_0,0,197,B. Smawley,http://dbpedia.org/resource/Belus_Smawley
29_0,0,198,B. Feathers,http://dbpedia.org/resource/Beattie_Feathers
29_0,0,199,B. McFadden,http://dbpedia.org/resource/Bryant_McFadden
