574_0,0,1,R. Döpel,http://dbpedia.org/resource/Robert_Döpel
574_0,0,2,R. Coveyou,http://dbpedia.org/resource/Robert_Coveyou
574_0,0,3,R. C. Richardson,http://dbpedia.org/resource/Robert_Coleman_Richardson
574_0,0,4,R. C. Jones,http://dbpedia.org/resource/Robert_Clark_Jones
574_0,0,5,R. Berner,http://dbpedia.org/resource/Robert_Berner
574_0,0,6,R. Bell,http://dbpedia.org/resource/Robert_Bell_(geologist)
574_0,0,7,R. Adrain,http://dbpedia.org/resource/Robert_Adrain
574_0,0,8,R. Adler,http://dbpedia.org/resource/Roy_Adler
574_0,0,9,R. Abbe,http://dbpedia.org/resource/Elfriede_Abbe
574_0,0,10,Richard Émile Augustin de Candolle,http://dbpedia.org/resource/Richard_Émile_Augustin_de_Candolle
574_0,0,11,R. Stanton-Jones,http://dbpedia.org/resource/Clara_Stanton_Jones
574_0,0,12,R. Q. Couch,http://dbpedia.org/resource/Richard_Quiller_Couch
574_0,0,13,R. Oriani,http://dbpedia.org/resource/Barnaba_Oriani
574_0,0,14,R. H. Smith,http://dbpedia.org/resource/Alexander_H._Smith
574_0,0,15,R. Farnsworth,http://dbpedia.org/resource/Philo_Farnsworth
574_0,0,16,R. F. Heck,http://dbpedia.org/resource/Richard_F._Heck
574_0,0,17,R. E. Schultes,http://dbpedia.org/resource/Richard_Evans_Schultes
574_0,0,18,R. Edmonds,http://dbpedia.org/resource/Ronald_Edmonds
574_0,0,19,R. Davies,http://dbpedia.org/resource/Norman_Davies
574_0,0,20,R. Baron,"http://dbpedia.org/resource/Robert_Baden-Powell,_1st_Baron_Baden-Powell"
574_0,0,21,R. Arnowitt,http://dbpedia.org/resource/Richard_Arnowitt
574_0,0,22,R. Arenstorf,http://dbpedia.org/resource/Richard_Arenstorf
574_0,0,23,R. Aldridge,http://dbpedia.org/resource/Ira_Aldridge
574_0,0,24,R. Addinsell,http://dbpedia.org/resource/Richard_Addinsell
574_0,0,25,R. Abegg,http://dbpedia.org/resource/Richard_Abegg
574_0,0,26,Richard Émile Augustin de Candolle,http://dbpedia.org/resource/Richard_Émile_Augustin_de_Candolle
574_0,0,27,Riazuddin,http://dbpedia.org/resource/Riazuddin_(physicist)
574_0,0,28,R. Ahsan,http://dbpedia.org/resource/Riaz_Ahsan
574_0,0,29,R. Thury,http://dbpedia.org/resource/René_Thury
574_0,0,30,R. Dulbecco,http://dbpedia.org/resource/Renato_Dulbecco
574_0,0,31,R. Thury,http://dbpedia.org/resource/René_Thury
574_0,0,32,R. Oehme,http://dbpedia.org/resource/Reinhard_Oehme
574_0,0,33,R. Farrukhabadi,http://dbpedia.org/resource/Rehmat_Farrukhabadi
574_0,0,34,R. Khan,http://dbpedia.org/resource/Fazlur_Rahman_Khan
574_0,0,35,R. Thorsteinsson,http://dbpedia.org/resource/Raymond_Thorsteinsson
574_0,0,36,R. Lindeman,"http://ru.dbpedia.org/resource/Линдеман,_Владимир_Карлович"
574_0,0,37,R. Lemieux,http://dbpedia.org/resource/Raymond_Lemieux
574_0,0,38,R. Gosling,http://dbpedia.org/resource/Raymond_Gosling
574_0,0,39,R. Cannon,http://dbpedia.org/resource/Billy_Cannon
574_0,0,40,R. Wendland,http://dbpedia.org/resource/Katrin_Wendland
574_0,0,41,R. Barrett,http://dbpedia.org/resource/Richard_Barrett_(Medal_of_Honor)
574_0,0,42,Rashi,http://dbpedia.org/resource/Rashi
574_0,0,43,R. G. Vitale,http://dbpedia.org/resource/Raoul_Gregory_Vitale
574_0,0,44,R. Bott,http://dbpedia.org/resource/Raoul_Bott
574_0,0,45,R. A. Moore,http://dbpedia.org/resource/Raymond_Cecil_Moore
574_0,0,46,R. A. Myers,http://dbpedia.org/resource/Ransom_A._Myers
574_0,0,47,R. Gnanadesikan,http://dbpedia.org/resource/Ramanathan_Gnanadesikan
574_0,0,48,R. R. Stewart,http://dbpedia.org/resource/Ralph_Randles_Stewart
574_0,0,49,R. Hosmer,http://dbpedia.org/resource/Harriet_Hosmer
574_0,0,50,R. Hartley,http://dbpedia.org/resource/Ralph_Hartley
574_0,0,51,R. Bown,http://dbpedia.org/resource/Ralph_Bown
574_0,0,52,R. Khanna,http://dbpedia.org/resource/Rajesh_Khanna
574_0,0,53,R. Ramanna,http://dbpedia.org/resource/Raja_Ramanna
574_0,0,54,R. Syed,http://dbpedia.org/resource/Rahman_Syed
574_0,0,55,R. Granit,http://dbpedia.org/resource/Ragnar_Granit
574_0,0,56,R. Cousot,http://dbpedia.org/resource/Radhia_Cousot
574_0,0,57,R. Gurney,http://dbpedia.org/resource/Oliver_Gurney
574_0,0,58,R. W. H. T. Hudson,http://dbpedia.org/resource/R._W._H._T._Hudson
574_0,0,59,R. O. Cornett,http://dbpedia.org/resource/R._Orin_Cornett
574_0,0,60,R. M. Canjar,http://dbpedia.org/resource/R._Michael_Canjar
574_0,0,61,R. H. Bruck,http://dbpedia.org/resource/R._H._Bruck
574_0,0,62,R. G. Wasson,http://dbpedia.org/resource/R._Gordon_Wasson
574_0,0,63,Q. Zokirov,http://dbpedia.org/resource/Qodir_Zokirov
574_0,0,64,Q. Xuesen,http://dbpedia.org/resource/Qian_Xuesen
574_0,0,65,P. Turán,http://dbpedia.org/resource/Pál_Turán
574_0,0,66,P. Lebedev,http://dbpedia.org/resource/Pyotr_Lebedev
574_0,0,67,P. Gannushkin,http://dbpedia.org/resource/Pyotr_Gannushkin
574_0,0,68,P. Alpini,http://dbpedia.org/resource/Prospero_Alpini
574_0,0,69,Pran,http://dbpedia.org/resource/Dith_Pran
574_0,0,70,P. C. Vaidya,http://dbpedia.org/resource/Prahalad_Chunnilal_Vaidya
574_0,0,71,P. Vishwanathan,http://dbpedia.org/resource/Poornam_Vishwanathan
574_0,0,72,P. Kostiuk,http://dbpedia.org/resource/Platon_Kostiuk
574_0,0,73,P. Stańczak,http://dbpedia.org/resource/Piotr_Stańczak
574_0,0,74,P. Ganguly,http://dbpedia.org/resource/Preeti_Ganguly
574_0,0,75,P. Römer,http://dbpedia.org/resource/Christina_Romer
574_0,0,76,P. d. Fermat,http://dbpedia.org/resource/Pierre_de_Fermat
574_0,0,77,P. Varignon,http://dbpedia.org/resource/Pierre_Varignon
574_0,0,78,P. Colas,http://dbpedia.org/resource/Pierre_Colas
574_0,0,79,Pierre Charles Alexandre Louis,http://dbpedia.org/resource/Pierre_Charles_Alexandre_Louis
574_0,0,80,P. Carbonnier,http://dbpedia.org/resource/Pierre_Carbonnier
574_0,0,81,P. Bézier,http://dbpedia.org/resource/Pierre_Bézier
574_0,0,82,P. Bazaine,http://dbpedia.org/resource/Pierre-Dominique_Bazaine
574_0,0,83,P. S. Gill,http://dbpedia.org/resource/Eric_Gill
574_0,0,84,Philippe de La Hire,http://dbpedia.org/resource/Philippe_de_La_Hire
574_0,0,85,P. L. Corbeiller,http://dbpedia.org/resource/Philippe_Le_Corbeiller
574_0,0,86,P. Sporn,http://dbpedia.org/resource/Philip_Sporn
574_0,0,87,P. Hall,http://dbpedia.org/resource/Philip_Hall
574_0,0,88,P. E. Smith,"http://dbpedia.org/resource/Robert_Baden-Powell,_1st_Baron_Baden-Powell"
574_0,0,89,P. E. Bernatz,http://dbpedia.org/resource/Philip_E._Bernatz
574_0,0,90,P. W. Lund,http://dbpedia.org/resource/Peter_Wilhelm_Lund
574_0,0,91,P. Ustinov,http://dbpedia.org/resource/Peter_Ustinov
574_0,0,92,P. Turner,http://dbpedia.org/resource/Pete_Turner_(photographer)
574_0,0,93,P. Swerling,http://dbpedia.org/resource/Peter_Swerling
574_0,0,94,P. Medawar,http://dbpedia.org/resource/Peter_Medawar
574_0,0,95,P. Mazur,http://dbpedia.org/resource/Barry_Mazur
574_0,0,96,P. Masak,http://dbpedia.org/resource/Peter_Masak
574_0,0,97,P. Heszler,http://dbpedia.org/resource/Peter_Heszler
574_0,0,98,Peter Gustav Lejeune Dirichlet,http://dbpedia.org/resource/Peter_Gustav_Lejeune_Dirichlet
574_0,0,99,P. Griess,http://dbpedia.org/resource/Peter_Griess
574_0,0,100,P. Elias,http://dbpedia.org/resource/Peter_Elias
574_0,0,101,P. Cushing,http://dbpedia.org/resource/Harvey_Cushing
574_0,0,102,P. Borovsky,http://dbpedia.org/resource/Peter_Borovsky
574_0,0,103,P. Bergman,http://dbpedia.org/resource/Peter_Bergman_(comedian)
574_0,0,104,P. Aucoin,http://dbpedia.org/resource/Peter_Aucoin
574_0,0,105,P. Dasan,http://dbpedia.org/resource/Periyar_Dasan
574_0,0,106,P. V. Edman,http://dbpedia.org/resource/Pehr_Victor_Edman
574_0,0,107,P. Paulet,http://dbpedia.org/resource/Pedro_Paulet
574_0,0,108,P. O. Pedersen,http://dbpedia.org/resource/Peder_Oluf_Pedersen
574_0,0,109,P. Heimann,http://dbpedia.org/resource/Paula_Heimann
574_0,0,110,P. T. Matthews,http://dbpedia.org/resource/Paul_Taunton_Matthews
574_0,0,111,P. Scherrer,http://dbpedia.org/resource/Paul_Scherrer
574_0,0,112,P. Patterson,http://dbpedia.org/resource/Paul_Patterson_(neuroscientist)
574_0,0,113,P. Meier,http://dbpedia.org/resource/Paul_Meier_(statistician)
574_0,0,114,P. Maxwell,http://dbpedia.org/resource/Lois_Maxwell
574_0,0,115,Paul Matthieu Hermann Laurent,http://dbpedia.org/resource/Paul_Matthieu_Hermann_Laurent
574_0,0,116,P. Langevin,http://dbpedia.org/resource/Paul_Langevin
574_0,0,117,P. Kogerman,http://dbpedia.org/resource/Paul_Kogerman
574_0,0,118,P. Kaznelson,http://dbpedia.org/resource/Paul_Kaznelson
574_0,0,119,P. E. Lacy,http://dbpedia.org/resource/Paul_Eston_Lacy
574_0,0,120,P. Erdős,http://dbpedia.org/resource/Paul_Erdős
574_0,0,121,P. Drude,http://dbpedia.org/resource/Paul_Drude
574_0,0,122,P. Dirac,http://dbpedia.org/resource/Paul_Dirac
574_0,0,123,P. C. Donnelly,http://dbpedia.org/resource/Peter_Donnelly
574_0,0,124,P. Bohannan,http://dbpedia.org/resource/Paul_Bohannan
574_0,0,125,P. A. Weiss,http://dbpedia.org/resource/Paul_Alfred_Weiss
574_0,0,126,P. Simond,http://dbpedia.org/resource/Paul-Louis_Simond
574_0,0,127,P. Langevin,http://dbpedia.org/resource/Paul_Langevin
574_0,0,128,P. Wymark,http://dbpedia.org/resource/Patrick_Wymark
574_0,0,129,P. Manson,http://dbpedia.org/resource/Patrick_Manson
