669_0,0,1,G. Vásquez,http://dbpedia.org/resource/Greivis_Vásquez
669_0,0,2,G. Monroe,http://dbpedia.org/resource/Greg_Monroe
669_0,0,3,G. Foster,http://dbpedia.org/resource/Greg_Foster_(basketball)
669_0,0,4,G. Jerrett,http://dbpedia.org/resource/Grant_Jerrett
669_0,0,5,G. Hill,http://dbpedia.org/resource/Grant_Hill
669_0,0,6,G. Dieng,http://dbpedia.org/resource/Gorgui_Dieng
669_0,0,7,G. Hayward,http://dbpedia.org/resource/Gordon_Hayward
669_0,0,8,G. Suton,http://dbpedia.org/resource/Goran_Suton
669_0,0,9,G. Dragić,http://dbpedia.org/resource/Goran_Dragić
669_0,0,10,G. Johnson,http://dbpedia.org/resource/Glory_Johnson
669_0,0,11,G. R. III,http://dbpedia.org/resource/Glenn_Robinson_III
669_0,0,12,G. Antetokounmpo,http://dbpedia.org/resource/Giannis_Antetokounmpo
669_0,0,13,G. H. Jr.,http://dbpedia.org/resource/Gerald_Henderson_Jr.
669_0,0,14,G. Green,http://dbpedia.org/resource/Gerald_Green
669_0,0,15,G. Printezis,http://dbpedia.org/resource/Georgios_Printezis
669_0,0,16,G. Papagiannis,http://dbpedia.org/resource/Georgios_Papagiannis
669_0,0,17,G. Niang,http://dbpedia.org/resource/Georges_Niang
669_0,0,18,G. Hill,http://dbpedia.org/resource/Grant_Hill
669_0,0,19,G. Harris,http://dbpedia.org/resource/Gary_Harris
669_0,0,20,G. Lawal,http://dbpedia.org/resource/Gani_Lawal
669_0,0,21,G. Mărginean,http://dbpedia.org/resource/Gabriela_Mărginean
669_0,0,22,F. Korkmaz,http://dbpedia.org/resource/Furkan_Korkmaz
669_0,0,23,F. Hoiberg,http://dbpedia.org/resource/Fred_Hoiberg
669_0,0,24,F. Kaminsky,http://dbpedia.org/resource/Frank_Kaminsky
669_0,0,25,F. Vázquez,http://dbpedia.org/resource/Fran_Vázquez
669_0,0,26,F. Ezeli,http://dbpedia.org/resource/Festus_Ezeli
669_0,0,27,F. Melo,http://dbpedia.org/resource/Fab_Melo
669_0,0,28,E. Turner,http://dbpedia.org/resource/Evan_Turner
669_0,0,29,E. Fournier,http://dbpedia.org/resource/Evan_Fournier
669_0,0,30,E. Carson,http://dbpedia.org/resource/Essence_Carson
669_0,0,31,E. İlyasova,http://dbpedia.org/resource/Ersan_İlyasova
669_0,0,32,E. Grunfeld,http://dbpedia.org/resource/Ernie_Grunfeld
669_0,0,33,E. Larkins,http://dbpedia.org/resource/Erlana_Larkins
669_0,0,34,E. Phillips,http://dbpedia.org/resource/Erin_Phillips
669_0,0,35,E. Murphy,http://dbpedia.org/resource/Erik_Murphy
669_0,0,36,E. Green,http://dbpedia.org/resource/Erick_Green
669_0,0,37,E. Snow,http://dbpedia.org/resource/Eric_Snow
669_0,0,38,E. Maynor,http://dbpedia.org/resource/Eric_Maynor
669_0,0,39,E. Gordon,http://dbpedia.org/resource/Eric_Gordon
669_0,0,40,E. Bledsoe,http://dbpedia.org/resource/Eric_Bledsoe
669_0,0,41,E. Prince,http://dbpedia.org/resource/Epiphanny_Prince
669_0,0,42,E. Kanter,http://dbpedia.org/resource/Enes_Kanter
669_0,0,43,E. Mudiay,http://dbpedia.org/resource/Emmanuel_Mudiay
669_0,0,44,E. Meesseman,http://dbpedia.org/resource/Emma_Meesseman
669_0,0,45,E. Okafor,http://dbpedia.org/resource/Emeka_Okafor
669_0,0,46,E. Brand,http://dbpedia.org/resource/Elton_Brand
669_0,0,47,E. Turner,http://dbpedia.org/resource/Evan_Turner
669_0,0,48,E. Williams,http://dbpedia.org/resource/Elizabeth_Williams_(basketball)
669_0,0,49,E. Williams,http://dbpedia.org/resource/Elizabeth_Williams_(basketball)
669_0,0,50,E. Payton,http://dbpedia.org/resource/Elfrid_Payton_(basketball)
669_0,0,51,E. D. Donne,http://dbpedia.org/resource/Elena_Delle_Donne
669_0,0,52,E. Brown,http://dbpedia.org/resource/Ernest_Brown_(basketball)
669_0,0,53,E. Nájera,http://dbpedia.org/resource/Eduardo_Nájera
669_0,0,54,E. Bavčić,http://dbpedia.org/resource/Edin_Bavčić
669_0,0,55,E. Pinckney,http://dbpedia.org/resource/Ed_Pinckney
669_0,0,56,E. Davis,http://dbpedia.org/resource/Ed_Davis_(basketball)
669_0,0,57,E. Watson,http://dbpedia.org/resource/Earl_Watson
669_0,0,58,E. Clark,http://dbpedia.org/resource/Ella_Clark
669_0,0,59,E. Moore,http://dbpedia.org/resource/E'Twaun_Moore
669_0,0,60,D. Bertāns,http://dbpedia.org/resource/Dāvis_Bertāns
669_0,0,61,D. Wade,http://dbpedia.org/resource/Dwyane_Wade
669_0,0,62,D. Powell,http://dbpedia.org/resource/Dwight_Powell
669_0,0,63,D. Howard,http://dbpedia.org/resource/Dwight_Howard
669_0,0,64,D. Green,http://dbpedia.org/resource/Devin_Green
669_0,0,65,D. Stanković,http://dbpedia.org/resource/Dragana_Stanković
669_0,0,66,D. Bender,http://dbpedia.org/resource/Dragan_Bender
669_0,0,67,D. McDermott,http://dbpedia.org/resource/Doug_McDermott
669_0,0,68,D. Marshall,http://dbpedia.org/resource/Donyell_Marshall
669_0,0,69,D. Greene,http://dbpedia.org/resource/Donté_Greene
669_0,0,70,D. Newman,http://dbpedia.org/resource/Don_Newman_(basketball)
669_0,0,71,D. Jones,http://dbpedia.org/resource/Dwight_Jones_(basketball)
669_0,0,72,D. Sabonis,http://dbpedia.org/resource/Domantas_Sabonis
669_0,0,73,D. Rivers,http://dbpedia.org/resource/Doc_Rivers
669_0,0,74,D. Nowitzki,http://dbpedia.org/resource/Dirk_Nowitzki
669_0,0,75,D. Waiters,http://dbpedia.org/resource/Dion_Waiters
669_0,0,76,D. Glover,http://dbpedia.org/resource/Dion_Glover
669_0,0,77,D. Agravanis,http://dbpedia.org/resource/Dimitrios_Agravanis
669_0,0,78,D. Tchatchouang,http://dbpedia.org/resource/Diandra_Tchatchouang
669_0,0,79,D. Taurasi,http://dbpedia.org/resource/Diana_Taurasi
669_0,0,80,D. Stone,http://dbpedia.org/resource/Diamond_Stone
669_0,0,81,D. Davis,http://dbpedia.org/resource/Deyonta_Davis
669_0,0,82,D. Pittman,http://dbpedia.org/resource/Dexter_Pittman
669_0,0,83,D. Marble,http://dbpedia.org/resource/Devyn_Marble
669_0,0,84,D. Harris,http://fr.dbpedia.org/resource/Darnell_Harris
669_0,0,85,D. Ebanks,http://dbpedia.org/resource/Devin_Ebanks
669_0,0,86,D. Booker,http://dbpedia.org/resource/Devin_Booker
669_0,0,87,D. Peters,http://dbpedia.org/resource/Devereaux_Peters
669_0,0,88,D. Thomas,http://dbpedia.org/resource/Doug_Thomas
669_0,0,89,D. Williams,http://dbpedia.org/resource/David_Williams_(ice_hockey)
669_0,0,90,D. Rose,http://dbpedia.org/resource/Derrick_Rose
669_0,0,91,D. Favors,http://dbpedia.org/resource/Derrick_Favors
669_0,0,92,D. Caracter,http://dbpedia.org/resource/Derrick_Caracter
669_0,0,93,D. Byars,http://dbpedia.org/resource/Derrick_Byars
669_0,0,94,D. Alston,http://dbpedia.org/resource/Derrick_Alston
669_0,0,95,D. Williams,http://dbpedia.org/resource/David_Williams_(ice_hockey)
669_0,0,96,D. Valentine,http://dbpedia.org/resource/Denzel_Valentine
669_0,0,97,D. Schröder,http://dbpedia.org/resource/Dennis_Schröder
669_0,0,98,D. Jackson,http://dbpedia.org/resource/Demetrius_Jackson
669_0,0,99,D. Wright,http://dbpedia.org/resource/Delon_Wright
669_0,0,100,D. Murray,http://dbpedia.org/resource/Douglas_Murray_(ice_hockey)
669_0,0,101,D. Brown,"http://dbpedia.org/resource/Dee_Brown_(basketball,_born_1968)"
669_0,0,102,D. Hamby,http://dbpedia.org/resource/Dearica_Hamby
669_0,0,103,D. Bonner,http://dbpedia.org/resource/DeWanna_Bonner
669_0,0,104,D. Diop,http://dbpedia.org/resource/DeSagana_Diop
669_0,0,105,D. Walker,http://dbpedia.org/resource/DeMya_Walker
669_0,0,106,D. Carroll,http://dbpedia.org/resource/DeMarre_Carroll
669_0,0,107,D. Cousins,http://dbpedia.org/resource/DeMarcus_Cousins
669_0,0,108,D. DeRozan,http://dbpedia.org/resource/DeMar_DeRozan
669_0,0,109,D. Blair,http://dbpedia.org/resource/DeJuan_Blair
669_0,0,110,D. Liggins,http://dbpedia.org/resource/DeAndre_Liggins
669_0,0,111,D. Jordan,http://dbpedia.org/resource/DeAndre_Jordan
669_0,0,112,D. Daniels,http://dbpedia.org/resource/DeAndre_Daniels
669_0,0,113,D. Bembry,http://dbpedia.org/resource/DeAndre'_Bembry
669_0,0,114,D. West,http://dbpedia.org/resource/David_West_(basketball)
669_0,0,115,D. Michineau,http://dbpedia.org/resource/David_Michineau
669_0,0,116,D. Lee,http://dbpedia.org/resource/Doug_Lee_(basketball)
669_0,0,117,D. Andersen,http://dbpedia.org/resource/David_Andersen
669_0,0,118,D. Middleton,http://dbpedia.org/resource/Darryl_Middleton
669_0,0,119,D. Hilliard,http://dbpedia.org/resource/Darrun_Hilliard
669_0,0,120,D. Collison,http://dbpedia.org/resource/Darren_Collison
669_0,0,121,D. Arthur,http://dbpedia.org/resource/Darrell_Arthur
669_0,0,122,D. Jackson,http://dbpedia.org/resource/Demetrius_Jackson
669_0,0,123,D. Songaila,http://dbpedia.org/resource/Darius_Songaila
669_0,0,124,D. Miller,http://dbpedia.org/resource/Darius_Miller
669_0,0,125,D. Šarić,http://dbpedia.org/resource/Dario_Šarić
669_0,0,126,D. Exum,http://dbpedia.org/resource/Dante_Exum
669_0,0,127,D. Cunningham,http://dbpedia.org/resource/Dante_Cunningham
669_0,0,128,D. Green,http://dbpedia.org/resource/Devin_Green
669_0,0,129,D. Ainge,http://dbpedia.org/resource/Danny_Ainge
669_0,0,130,D. Gallinari,http://dbpedia.org/resource/Danilo_Gallinari
669_0,0,131,D. Robinson,http://dbpedia.org/resource/David_Robinson
669_0,0,132,D. Ewing,http://dbpedia.org/resource/Daniel_Ewing
669_0,0,133,D. Díez,http://dbpedia.org/resource/Dani_Díez
669_0,0,134,D. Majerle,http://dbpedia.org/resource/Dan_Majerle
669_0,0,135,D. Dantas,http://dbpedia.org/resource/Damiris_Dantas
669_0,0,136,D. Markota,http://dbpedia.org/resource/Damir_Markota
669_0,0,137,D. James,http://dbpedia.org/resource/Damion_James
669_0,0,138,D. Inglis,http://dbpedia.org/resource/Damien_Inglis
669_0,0,139,D. Lillard,http://dbpedia.org/resource/Damian_Lillard
669_0,0,140,D. Jones,http://dbpedia.org/resource/Dwight_Jones_(basketball)
669_0,0,141,D. Johnson,http://dbpedia.org/resource/Dave_Johnson_(basketball)
669_0,0,142,D. Jones,http://dbpedia.org/resource/Dwight_Jones_(basketball)
669_0,0,143,D. Summers,http://dbpedia.org/resource/DaJuan_Summers
669_0,0,144,D. Butler,http://dbpedia.org/resource/Da'Sean_Butler
669_0,0,145,D. J. White,http://dbpedia.org/resource/D._J._White
669_0,0,146,D. J. Strawberry,http://dbpedia.org/resource/D._J._Strawberry
669_0,0,147,D. J. Augustin,http://dbpedia.org/resource/D._J._Augustin
