670_0,0,1,D. Russell,http://dbpedia.org/resource/D'Angelo_Russell
670_0,0,2,D. Bertāns,http://dbpedia.org/resource/Dāvis_Bertāns
670_0,0,3,C. Martin,http://dbpedia.org/resource/Craig_Martin_(ice_hockey)
670_0,0,4,C. Langhorne,http://dbpedia.org/resource/Crystal_Langhorne
670_0,0,5,C. Hodges,http://dbpedia.org/resource/Craig_Hodges
670_0,0,6,C. Vandersloot,http://dbpedia.org/resource/Courtney_Vandersloot
670_0,0,7,C. Paris,http://dbpedia.org/resource/Courtney_Paris
670_0,0,8,C. M. Williams,http://dbpedia.org/resource/Courtney_M._Williams
670_0,0,9,C. Lee,http://dbpedia.org/resource/Corey_Lee
670_0,0,10,C. Joseph,http://dbpedia.org/resource/Cory_Joseph
670_0,0,11,C. Jefferson,http://dbpedia.org/resource/Cory_Jefferson
670_0,0,12,C. Edwards,http://dbpedia.org/resource/Corsley_Edwards
670_0,0,13,C. Williamson,http://dbpedia.org/resource/Corliss_Williamson
670_0,0,14,C. Williams,http://dbpedia.org/resource/Cary_Williams
670_0,0,15,C. Gaines,http://dbpedia.org/resource/Corey_Gaines
670_0,0,16,C. Brewer,http://dbpedia.org/resource/Corey_Brewer
670_0,0,17,C. Iverson,http://dbpedia.org/resource/Allen_Iverson
670_0,0,18,C. Aldrich,http://dbpedia.org/resource/Cole_Aldrich
670_0,0,19,C. Zeller,http://dbpedia.org/resource/Cody_Zeller
670_0,0,20,C. Capela,http://dbpedia.org/resource/Clint_Capela
670_0,0,21,C. Early,http://dbpedia.org/resource/Cleanthony_Early
670_0,0,22,C. Maduabum,http://dbpedia.org/resource/Chukwudiebere_Maduabum
670_0,0,23,C. Eyenga,http://dbpedia.org/resource/Christian_Eyenga
670_0,0,24,C. Paul,http://dbpedia.org/resource/Chris_Paul
670_0,0,25,C. Mullin,http://dbpedia.org/resource/Chris_Mullin
670_0,0,26,C. McCullough,http://dbpedia.org/resource/Chris_McCullough
670_0,0,27,C. Douglas-Roberts,http://dbpedia.org/resource/Chris_Douglas-Roberts
670_0,0,28,C. Bosh,http://dbpedia.org/resource/Chris_Bosh
670_0,0,29,C. Ogwumike,http://dbpedia.org/resource/Chiney_Ogwumike
670_0,0,30,C. Onuaku,http://dbpedia.org/resource/Chinanu_Onuaku
670_0,0,31,C. Parker,http://dbpedia.org/resource/Candace_Parker
670_0,0,32,C. Gray,http://dbpedia.org/resource/Chelsea_Gray
670_0,0,33,C. Diallo,http://dbpedia.org/resource/Cheick_Diallo
670_0,0,34,C. Smith,http://dbpedia.org/resource/Craig_Smith_(ice_hockey)
670_0,0,35,C. Frye,http://dbpedia.org/resource/Channing_Frye
670_0,0,36,C. Parsons,http://dbpedia.org/resource/Chandler_Parsons
670_0,0,37,C. Osman,http://dbpedia.org/resource/Cedi_Osman
670_0,0,38,C. Swords,http://dbpedia.org/resource/Carolyn_Swords
670_0,0,39,C. Anthony,http://dbpedia.org/resource/Carmelo_Anthony
670_0,0,40,C. Boozer,http://dbpedia.org/resource/Carlos_Boozer
670_0,0,41,C. Mijović,http://dbpedia.org/resource/Carley_Ernst
670_0,0,42,C. LeVert,http://dbpedia.org/resource/Caris_LeVert
670_0,0,43,C. Pondexter,http://dbpedia.org/resource/Cliff_Pondexter
670_0,0,44,C. Dupree,http://dbpedia.org/resource/Candice_Dupree
670_0,0,45,C. Parker,http://dbpedia.org/resource/Candace_Parker
670_0,0,46,C. Little,http://dbpedia.org/resource/Camille_Little
670_0,0,47,C. Payne,http://dbpedia.org/resource/Cameron_Payne
670_0,0,48,C. Bairstow,http://dbpedia.org/resource/Cameron_Bairstow
670_0,0,49,C. Lalanne,http://dbpedia.org/resource/Cady_Lalanne
670_0,0,50,C. J. Wilcox,http://dbpedia.org/resource/C._J._Wilcox
670_0,0,51,C. J. Miles,http://dbpedia.org/resource/C._J._Miles
670_0,0,52,C. J. McCollum,http://dbpedia.org/resource/CJ_McCollum
670_0,0,53,B. Mullens,http://dbpedia.org/resource/Byron_Mullens
670_0,0,54,B. Hield,http://dbpedia.org/resource/Buddy_Hield
670_0,0,55,B. Drew,http://dbpedia.org/resource/Bryce_Drew
670_0,0,56,B. Šundov,http://dbpedia.org/resource/Bruno_Šundov
670_0,0,57,B. Caboclo,http://dbpedia.org/resource/Bruno_Caboclo
670_0,0,58,B. Šundov,http://dbpedia.org/resource/Bruno_Šundov
670_0,0,59,B. Lopez,http://dbpedia.org/resource/Brook_Lopez
670_0,0,60,B. Griner,http://dbpedia.org/resource/Brittney_Griner
670_0,0,61,B. Boyd,http://dbpedia.org/resource/Brittany_Boyd
670_0,0,62,B. Ardossi,http://dbpedia.org/resource/Brigitte_Ardossi
670_0,0,63,B. Johnson,http://dbpedia.org/resource/Buck_Johnson
670_0,0,64,B. January,http://dbpedia.org/resource/Briann_January
670_0,0,65,B. Shaw,http://dbpedia.org/resource/Brian_Shaw
670_0,0,66,B. Hartley,http://dbpedia.org/resource/Bria_Hartley
670_0,0,67,B. Stewart,http://dbpedia.org/resource/Breanna_Stewart
670_0,0,68,B. Rush,http://dbpedia.org/resource/Brandon_Rush
670_0,0,69,B. Knight,http://dbpedia.org/resource/Brevin_Knight
670_0,0,70,B. Jennings,http://dbpedia.org/resource/Brandon_Jennings
670_0,0,71,B. Ingram,http://dbpedia.org/resource/Brandon_Ingram
670_0,0,72,B. Bass,http://dbpedia.org/resource/Brandon_Bass
670_0,0,73,B. Wright,http://dbpedia.org/resource/Brandan_Wright
670_0,0,74,B. Beal,http://dbpedia.org/resource/Bradley_Beal
670_0,0,75,B. Newley,http://dbpedia.org/resource/Brad_Newley
670_0,0,76,B. Wright,http://dbpedia.org/resource/Brandan_Wright
670_0,0,77,B. Nachbar,http://dbpedia.org/resource/Boštjan_Nachbar
670_0,0,78,B. Diaw,http://dbpedia.org/resource/Boris_Diaw
670_0,0,79,B. Dubljević,http://dbpedia.org/resource/Bojan_Dubljević
670_0,0,80,B. Bogdanović,http://dbpedia.org/resource/Bogdan_Bogdanović_(basketball)
670_0,0,81,B. Portis,http://dbpedia.org/resource/Bobby_Portis
670_0,0,82,B. Hurley,http://dbpedia.org/resource/Bobby_Hurley
670_0,0,83,B. Weiss,http://dbpedia.org/resource/Bob_Weiss
670_0,0,84,B. Thornton,http://dbpedia.org/resource/Bob_Thornton
670_0,0,85,B. Overton,http://dbpedia.org/resource/Bo_Overton
670_0,0,86,B. Nachbar,http://dbpedia.org/resource/Boštjan_Nachbar
670_0,0,87,B. Griffin,http://dbpedia.org/resource/Blake_Griffin
670_0,0,88,B. Biyombo,http://dbpedia.org/resource/Bismack_Biyombo
670_0,0,89,B. Donovan,http://dbpedia.org/resource/Billy_Donovan
670_0,0,90,B. Laimbeer,http://dbpedia.org/resource/Bill_Laimbeer
670_0,0,91,B. Laney,http://dbpedia.org/resource/Betnijah_Laney
670_0,0,92,B. Udrih,http://dbpedia.org/resource/Beno_Udrih
670_0,0,93,B. Simmons,http://dbpedia.org/resource/Bobby_Simmons
670_0,0,94,B. McLemore,http://dbpedia.org/resource/Ben_McLemore
670_0,0,95,B. Bentil,http://dbpedia.org/resource/Ben_Bentil
670_0,0,96,B. Amer,http://dbpedia.org/resource/Baser_Amer
670_0,0,97,B. Turner,http://dbpedia.org/resource/Barbara_Turner_(basketball)
670_0,0,98,A. Hervelle,http://dbpedia.org/resource/Axel_Hervelle
670_0,0,99,A. Bradley,http://dbpedia.org/resource/Avery_Bradley
670_0,0,100,A. Rivers,http://dbpedia.org/resource/Austin_Rivers
670_0,0,101,A. Norris,http://dbpedia.org/resource/Audie_Norris
670_0,0,102,A. Ndour,http://dbpedia.org/resource/Astou_Ndour
670_0,0,103,A. Jones,http://dbpedia.org/resource/Brionna_Jones
670_0,0,104,A. Taylor,http://dbpedia.org/resource/Andrew_Taylor_(baseball)
670_0,0,105,A. Gudaitis,http://dbpedia.org/resource/Artūras_Gudaitis
670_0,0,106,A. d. Cruz,http://dbpedia.org/resource/Arthur_dela_Cruz
670_0,0,107,A. Gudaitis,http://dbpedia.org/resource/Artūras_Gudaitis
670_0,0,108,A. Afflalo,http://dbpedia.org/resource/Arron_Afflalo
670_0,0,109,A. Moultrie,http://dbpedia.org/resource/Arnett_Moultrie
670_0,0,110,A. Hill,http://dbpedia.org/resource/Armond_Hill
670_0,0,111,A. Goodwin,http://dbpedia.org/resource/Archie_Goodwin_(basketball)
670_0,0,112,A. Lang,http://dbpedia.org/resource/Andrew_Lang_(basketball)
670_0,0,113,A. Randolph,http://dbpedia.org/resource/Anthony_Randolph
670_0,0,114,A. Goldwire,http://dbpedia.org/resource/Anthony_Goldwire
670_0,0,115,A. Davis,http://it.dbpedia.org/resource/A.J._Davis
670_0,0,116,A. Brown,http://dbpedia.org/resource/Antonio_Brown
670_0,0,117,A. Bennett,http://fr.dbpedia.org/resource/Antonia_Bennett
670_0,0,118,A. Žižić,http://dbpedia.org/resource/Andrija_Žižić
670_0,0,119,A. Wauters,http://dbpedia.org/resource/Ann_Wauters
670_0,0,120,A. Robinson,"http://dbpedia.org/resource/Angel_Robinson_(basketball,_born_1987)"
670_0,0,121,A. McCoughtry,http://dbpedia.org/resource/Angel_McCoughtry
670_0,0,122,A. Goodrich,http://dbpedia.org/resource/Angel_Goodrich
670_0,0,123,A. Rautins,http://dbpedia.org/resource/Andy_Rautins
670_0,0,124,A. Roberson,http://dbpedia.org/resource/André_Roberson
670_0,0,125,A. Wiggins,http://dbpedia.org/resource/Andrew_Wiggins
670_0,0,126,A. Nicholson,http://dbpedia.org/resource/Andrew_Nicholson_(basketball)
670_0,0,127,A. Harrison,http://dbpedia.org/resource/Andrew_Harrison_(basketball)
670_0,0,128,A. Goudelock,http://dbpedia.org/resource/Andrew_Goudelock
670_0,0,129,A. Bynum,http://dbpedia.org/resource/Andrew_Bynum
670_0,0,130,A. Bogut,http://dbpedia.org/resource/Andrew_Bogut
670_0,0,131,A. Bargnani,http://dbpedia.org/resource/Andrea_Bargnani
670_0,0,132,A. Iguodala,http://dbpedia.org/resource/Andre_Iguodala
670_0,0,133,A. Emmett,http://dbpedia.org/resource/Andre_Emmett
670_0,0,134,A. Drummond,http://dbpedia.org/resource/Andre_Drummond
670_0,0,135,A. Blatche,http://dbpedia.org/resource/Andray_Blatche
670_0,0,136,A. Patterson,http://dbpedia.org/resource/Andrae_Patterson
670_0,0,137,A. Roberson,http://dbpedia.org/resource/André_Roberson
670_0,0,138,A. Varejão,http://dbpedia.org/resource/Anderson_Varejão
670_0,0,139,A. Johnson,http://dbpedia.org/resource/Magic_Johnson
670_0,0,140,A. Stoudemire,http://dbpedia.org/resource/Amar'e_Stoudemire
670_0,0,141,A. Z. B.,http://dbpedia.org/resource/Ahmed_bin_Zayed_Al_Nahyan
670_0,0,142,A. Thompson,http://dbpedia.org/resource/Amanda_Thompson_(basketball)
670_0,0,143,A. Thomas,http://dbpedia.org/resource/Alyssa_Thomas
670_0,0,144,A. Clark,http://dbpedia.org/resource/Archie_Clark_(basketball)
670_0,0,145,A. Byrd,http://dbpedia.org/resource/Alton_Byrd
670_0,0,146,A. Malott,http://dbpedia.org/resource/Ally_Malott
670_0,0,147,A. Hightower,http://dbpedia.org/resource/Allison_Hightower
670_0,0,148,A. Quigley,http://dbpedia.org/resource/Allie_Quigley
670_0,0,149,A. Crabbe,http://dbpedia.org/resource/Allen_Crabbe
670_0,0,150,A. Ajinça,http://dbpedia.org/resource/Alexis_Ajinça
670_0,0,151,A. Oriakhi,http://dbpedia.org/resource/Alex_Oriakhi
670_0,0,152,A. Montgomery,http://dbpedia.org/resource/Alex_Montgomery
