73_0,0,1,M. Rogers,http://dbpedia.org/resource/Marshall_Rogers
73_0,0,2,M. Denis,http://dbpedia.org/resource/Maurice_Denis
73_0,0,3,M. Sommer,http://dbpedia.org/resource/Manfred_Sommer
73_0,0,4,L. Chevli,http://dbpedia.org/resource/Lyn_Chevli
73_0,0,5,L. Schwartz,http://dbpedia.org/resource/Laurent_Schwartz
73_0,0,6,L. Falk,http://dbpedia.org/resource/Lee_Falk
73_0,0,7,L. Elias,http://dbpedia.org/resource/Lee_Elias
73_0,0,8,L. B. Cole,http://dbpedia.org/resource/L._B._Cole
73_0,0,9,K. Saudek,http://dbpedia.org/resource/Kája_Saudek
73_0,0,10,K. Nordling,http://dbpedia.org/resource/Klaus_Nordling
73_0,0,11,K. Nupen,http://dbpedia.org/resource/Kjell_Nupen
73_0,0,12,K. Thompson,http://dbpedia.org/resource/Kim_Thompson
73_0,0,13,K. Harris,http://dbpedia.org/resource/Ken_Harris
73_0,0,14,K. Hubenthal,http://dbpedia.org/resource/Karl_Hubenthal
73_0,0,15,K. Saudek,http://dbpedia.org/resource/Kája_Saudek
73_0,0,16,J. Zanotto,http://dbpedia.org/resource/Juan_Zanotto
73_0,0,17,J. Ortiz,http://dbpedia.org/resource/José_Ortiz_(comics)
73_0,0,18,J. E. Saliente,http://dbpedia.org/resource/José_Escobar_Saliente
73_0,0,19,J. Ortiz,http://dbpedia.org/resource/José_Ortiz_(comics)
73_0,0,20,J. E. Saliente,http://dbpedia.org/resource/José_Escobar_Saliente
73_0,0,21,J. D'Agostino,http://dbpedia.org/resource/Jon_D'Agostino
73_0,0,22,J. Hart,http://dbpedia.org/resource/Judith_Hart
73_0,0,23,J. Craig,http://dbpedia.org/resource/James_Craig_(actor)
73_0,0,24,J. Severin,http://dbpedia.org/resource/John_Severin
73_0,0,25,J. Ryan,http://dbpedia.org/resource/John_Ryan_(cartoonist)
73_0,0,26,J. McLusky,http://dbpedia.org/resource/John_McLusky
73_0,0,27,J. Celardo,http://dbpedia.org/resource/John_Celardo
73_0,0,28,J. Buscema,http://dbpedia.org/resource/John_Buscema
73_0,0,29,J. Broome,http://dbpedia.org/resource/John_Broome_(writer)
73_0,0,30,J. Manley,http://dbpedia.org/resource/Joey_Manley
73_0,0,31,J. Simon,http://dbpedia.org/resource/Lucien_Simon
73_0,0,32,J. Shuster,http://dbpedia.org/resource/Joe_Shuster
73_0,0,33,J. Orlando,http://dbpedia.org/resource/Joe_Orlando
73_0,0,34,J. Maneely,http://dbpedia.org/resource/Joe_Maneely
73_0,0,35,J. Kubert,http://dbpedia.org/resource/Joe_Kubert
73_0,0,36,J. Gill,http://dbpedia.org/resource/James_Gill_(artist)
73_0,0,37,J. Xaudaró,http://dbpedia.org/resource/Joaquín_Xaudaró
73_0,0,38,J. Swinnerton,http://dbpedia.org/resource/Jimmy_Swinnerton
73_0,0,39,J. Holdaway,http://dbpedia.org/resource/Jim_Holdaway
73_0,0,40,J. Aparo,http://dbpedia.org/resource/Jim_Aparo
73_0,0,41,Jijé,http://dbpedia.org/resource/Jijé
73_0,0,42,J. Siegel,http://dbpedia.org/resource/Jerry_Siegel
73_0,0,43,J. Robinson,http://dbpedia.org/resource/Joan_Robinson
73_0,0,44,J. Iger,http://dbpedia.org/resource/Jerry_Iger
73_0,0,45,J. Nys,http://dbpedia.org/resource/Jef_Nys
73_0,0,46,J. Tabary,http://dbpedia.org/resource/Jean_Tabary
73_0,0,47,J. Giraud,http://dbpedia.org/resource/Jean_Giraud
73_0,0,48,J. Dulieu,http://dbpedia.org/resource/Jean_Dulieu
73_0,0,49,J. Charlier,http://dbpedia.org/resource/Jean-Michel_Charlier
73_0,0,50,J. Reiser,http://dbpedia.org/resource/Jean-Marc_Reiser
73_0,0,51,J. Forest,http://dbpedia.org/resource/Jean-Claude_Forest
73_0,0,52,Jaxon,http://dbpedia.org/resource/Jaxon
73_0,0,53,J. Martin,http://dbpedia.org/resource/Jimmy_Martin
73_0,0,54,J. Lob,http://dbpedia.org/resource/Jacques_Lob
73_0,0,55,J. Laudy,http://dbpedia.org/resource/Jacques_Laudy
73_0,0,56,J. Kirby,http://dbpedia.org/resource/Jack_Kirby
73_0,0,57,J. Cole,http://dbpedia.org/resource/Jerry_Cole
73_0,0,58,J. Adler,http://dbpedia.org/resource/Jerry_Adler_(harmonica_player)
73_0,0,59,I. Hasen,http://dbpedia.org/resource/Irwin_Hasen
73_0,0,60,Ionicus,http://dbpedia.org/resource/Ionicus
73_0,0,61,I. Kajiwara,http://dbpedia.org/resource/Ikki_Kajiwara
73_0,0,62,H. G. Oesterheld,http://dbpedia.org/resource/Héctor_Germán_Oesterheld
73_0,0,63,H. Pratt,http://dbpedia.org/resource/Hugo_Pratt
73_0,0,64,H. Post,http://dbpedia.org/resource/Howard_Post
73_0,0,65,H. Terry,http://dbpedia.org/resource/Hilda_Terry
73_0,0,66,Hergé,http://dbpedia.org/resource/Hergé
73_0,0,67,Herblock,http://dbpedia.org/resource/Herblock
73_0,0,68,H. Scarpelli,http://dbpedia.org/resource/Furio_Scarpelli
73_0,0,69,H. Julien,http://dbpedia.org/resource/Henri_Julien
73_0,0,70,H. Kurtzman,http://dbpedia.org/resource/Harvey_Kurtzman
73_0,0,71,H. Lampert,http://dbpedia.org/resource/Harry_Lampert
73_0,0,72,H. Haenigsen,http://dbpedia.org/resource/Harry_Haenigsen
73_0,0,73,H. LeDoux,http://dbpedia.org/resource/Harold_LeDoux
73_0,0,74,H. Knerr,http://dbpedia.org/resource/Harold_Knerr
73_0,0,75,H. Gray,http://dbpedia.org/resource/Harold_Gray
73_0,0,76,H. G. Kresse,http://dbpedia.org/resource/Hans_G._Kresse
73_0,0,77,H. Ketcham,http://dbpedia.org/resource/Hank_Ketcham
73_0,0,78,H. Foster,http://dbpedia.org/resource/Stephen_Foster
73_0,0,79,H. G. Oesterheld,http://dbpedia.org/resource/Héctor_Germán_Oesterheld
73_0,0,80,G. Arriola,http://dbpedia.org/resource/Gus_Arriola
73_0,0,81,G. Crepax,http://dbpedia.org/resource/Guido_Crepax
73_0,0,82,Greg,http://dbpedia.org/resource/Greg_(cartoonist)
73_0,0,83,G. Ingels,http://dbpedia.org/resource/Graham_Ingels
73_0,0,84,G. Kojima,http://dbpedia.org/resource/Goseki_Kojima
73_0,0,85,G. Kane,http://dbpedia.org/resource/Gil_Kane
73_0,0,86,G. Wolinski,http://dbpedia.org/resource/Georges_Wolinski
73_0,0,87,G. Pichard,http://dbpedia.org/resource/Georges_Pichard
73_0,0,88,G. Roussos,http://dbpedia.org/resource/Demis_Roussos
73_0,0,89,G. Olesen,http://dbpedia.org/resource/George_Olesen
73_0,0,90,G. Herriman,http://dbpedia.org/resource/George_Herriman
73_0,0,91,G. Gladir,http://dbpedia.org/resource/George_Gladir
73_0,0,92,G. Evans,http://dbpedia.org/resource/George_Evans_(cartoonist)
73_0,0,93,G. Baker,http://dbpedia.org/resource/George_Baker_(actor)
73_0,0,94,G. Colan,http://dbpedia.org/resource/Gene_Colan
73_0,0,95,G. Bilbrew,http://dbpedia.org/resource/Gene_Bilbrew
73_0,0,96,G. Arlington,http://dbpedia.org/resource/Gary_Arlington
73_0,0,97,G. Fox,http://dbpedia.org/resource/Gardner_Fox
73_0,0,98,F. B. Opper,http://dbpedia.org/resource/Frederick_Burr_Opper
73_0,0,99,F. Lasswell,http://dbpedia.org/resource/Fred_Lasswell
73_0,0,100,F. Harman,http://dbpedia.org/resource/Fred_Harman
73_0,0,101,Fred,http://dbpedia.org/resource/Fred_Astaire
73_0,0,102,F. Robbins,http://dbpedia.org/resource/Jerome_Robbins
73_0,0,103,F. Odoi,http://dbpedia.org/resource/Frank_Odoi_(cartoonist)
73_0,0,104,F. King,http://dbpedia.org/resource/Ferdinand_II_of_Aragon
73_0,0,105,F. Hampson,http://dbpedia.org/resource/Frank_Hampson
73_0,0,106,F. S. López,http://dbpedia.org/resource/Francisco_Solano_López
73_0,0,107,F. Striker,http://dbpedia.org/resource/Fran_Striker
73_0,0,108,F. Gottfredson,http://dbpedia.org/resource/Floyd_Gottfredson
73_0,0,109,F. Hanks,http://dbpedia.org/resource/Tom_Hanks
73_0,0,110,E. Bushmiller,http://dbpedia.org/resource/Ernie_Bushmiller
73_0,0,111,E. Bradbury,http://dbpedia.org/resource/Jack_Bradbury
73_0,0,112,E. Caplin,http://dbpedia.org/resource/Charlie_Chaplin
73_0,0,113,E. Dodd,http://dbpedia.org/resource/Ed_Dodd
73_0,0,114,E. Norem,http://dbpedia.org/resource/Earl_Norem
73_0,0,115,E. C. Segar,http://dbpedia.org/resource/E._C._Segar
73_0,0,116,Dupa,http://dbpedia.org/resource/Dupa
73_0,0,117,D. Geva,http://dbpedia.org/resource/Dudu_Geva
73_0,0,118,D. Wright,http://dbpedia.org/resource/Richard_Wright_(musician)
73_0,0,119,D. Wildey,http://dbpedia.org/resource/Doug_Wildey
73_0,0,120,D. Marlette,http://dbpedia.org/resource/Doug_Marlette
