83_0,0,1,MDU Resources,http://dbpedia.org/resource/Vedanta_Resources
83_0,0,2,MBIA,http://dbpedia.org/resource/MBIA
83_0,0,3,MAN SE,http://dbpedia.org/resource/MAN_SE
83_0,0,4,M1 Limited,http://dbpedia.org/resource/M1_Limited
83_0,0,5,M&T Bank,http://dbpedia.org/resource/M&T_Bank
83_0,0,6,Lundbeck,http://dbpedia.org/resource/Lundbeck
83_0,0,7,Lumber Liquidators,http://dbpedia.org/resource/Lumber_Liquidators
83_0,0,8,Lululemon Athletica,http://dbpedia.org/resource/Lululemon_Athletica
83_0,0,9,Lukoil Serbia,http://dbpedia.org/resource/Lukoil
83_0,0,10,Lufthansa,http://dbpedia.org/resource/Lufthansa
83_0,0,11,Lucara Diamond,http://dbpedia.org/resource/Lucara_Diamond
83_0,0,12,Lopez Group of Companies,http://dbpedia.org/resource/Lopez_Group_of_Companies
83_0,0,13,Lonza Group,http://dbpedia.org/resource/Lonza_Group
83_0,0,14,Logitech,http://dbpedia.org/resource/Logitech
83_0,0,15,Loews Corporation,http://dbpedia.org/resource/Metro-Goldwyn-Mayer
83_0,0,16,Lloyds Banking Group,http://dbpedia.org/resource/Lloyds_Banking_Group
83_0,0,17,Live Nation Entertainment,http://dbpedia.org/resource/Live_Nation_Entertainment
83_0,0,18,Live Nation,http://dbpedia.org/resource/Live_Nation_Entertainment
83_0,0,19,Little Britain Productions,http://dbpedia.org/resource/Little_Britain_Productions
83_0,0,20,Lithuanian Railways,http://dbpedia.org/resource/Lithuanian_Railways
83_0,0,21,Lithia Motors,http://dbpedia.org/resource/Lithia_Motors
83_0,0,22,List of assets owned by Berkshire Hathaway,http://dbpedia.org/resource/List_of_assets_owned_by_Berkshire_Hathaway
83_0,0,23,Lion Corporation,http://dbpedia.org/resource/Metro-Goldwyn-Mayer
83_0,0,24,Lincoln Electric,http://dbpedia.org/resource/Lincoln_Electric
83_0,0,25,Linc Energy,http://dbpedia.org/resource/Linc_Energy
83_0,0,26,Lifeway Foods,http://dbpedia.org/resource/Lifeway_Foods
83_0,0,27,LifeLock,http://dbpedia.org/resource/LifeLock
83_0,0,28,Level 3 Communications,http://dbpedia.org/resource/Level_3_Communications
83_0,0,29,Leucadia National,http://dbpedia.org/resource/Jefferies_Financial_Group
83_0,0,30,Leoni AG,http://dbpedia.org/resource/Leoni_AG
83_0,0,31,Lenzing AG,http://dbpedia.org/resource/Lenzing_AG
83_0,0,32,Lenovo,http://dbpedia.org/resource/Lenovo
83_0,0,33,Leidos,http://dbpedia.org/resource/Leidos
83_0,0,34,Legrand,http://dbpedia.org/resource/Legrand_(company)
83_0,0,35,Legend World Wide,http://dbpedia.org/resource/Transcom_WorldWide
83_0,0,36,Legal & General,http://dbpedia.org/resource/Legal_&_General
83_0,0,37,Lasta Beograd,http://dbpedia.org/resource/Lasta_Beograd
83_0,0,38,Las Vegas Sands,http://dbpedia.org/resource/Las_Vegas_Sands
83_0,0,39,Lansing Board of Water & Light,http://dbpedia.org/resource/Lansing_Board_of_Water_&_Light
83_0,0,40,Landsbankinn,http://dbpedia.org/resource/Landsbanki
83_0,0,41,Land and Houses,http://dbpedia.org/resource/Land_and_Houses
83_0,0,42,Lamborghini,http://dbpedia.org/resource/Lamborghini
83_0,0,43,Lagardère Group,http://dbpedia.org/resource/Lagardère_Group
83_0,0,44,L Brands,http://dbpedia.org/resource/Nissan
83_0,0,45,LVMH,http://dbpedia.org/resource/LVMH
83_0,0,46,LSI Corporation,http://dbpedia.org/resource/LSI_Corporation
83_0,0,47,LKAB,http://dbpedia.org/resource/LKAB
83_0,0,48,LG Household & Health Care,http://dbpedia.org/resource/LG_Household_&_Health_Care
83_0,0,49,LEO Express,http://dbpedia.org/resource/Leo_Express
83_0,0,50,LDK Solar Co,http://dbpedia.org/resource/LDK_Solar_Co
83_0,0,51,L-3 Communications,http://dbpedia.org/resource/Level_3_Communications
83_0,0,52,L'Oréal,http://dbpedia.org/resource/L'Oréal
83_0,0,53,Ku6 Media,http://dbpedia.org/resource/Ku6_Media
83_0,0,54,Krispy Kreme,http://dbpedia.org/resource/Krispy_Kreme
83_0,0,55,Kraft Foods Inc,http://dbpedia.org/resource/Kraft_Foods
83_0,0,56,Kraft Foods,http://dbpedia.org/resource/Kraft_Foods
83_0,0,57,Korea Gas Corporation,http://dbpedia.org/resource/Korea_Electric_Power_Corporation
83_0,0,58,Korea Electric Power Corporation,http://dbpedia.org/resource/General_Electric
83_0,0,59,Korea Aerospace Industries,http://dbpedia.org/resource/Korea_Aerospace_Industries
83_0,0,60,Kontron,http://dbpedia.org/resource/Kontron
83_0,0,61,Kongsberg Automotive,http://dbpedia.org/resource/Kongsberg_Automotive
83_0,0,62,Konecranes,http://dbpedia.org/resource/Konecranes
83_0,0,63,Kone,http://dbpedia.org/resource/Kone
83_0,0,64,Komercijalna banka,http://dbpedia.org/resource/Komercijalna_banka
83_0,0,65,Kohl's,http://dbpedia.org/resource/Kohl's
83_0,0,66,Kodak,http://dbpedia.org/resource/Kodak
83_0,0,67,Knjaz Miloš a.d.,http://dbpedia.org/resource/Knjaz_Miloš_a.d.
83_0,0,68,Kia Motors,http://dbpedia.org/resource/Kia_Motors
83_0,0,69,Kering,http://dbpedia.org/resource/Kering
83_0,0,70,Kenya Electricity Generating Company,http://dbpedia.org/resource/Kenya_Electricity_Generating_Company
83_0,0,71,Kemira,http://dbpedia.org/resource/Kemira
83_0,0,72,Kellogg's,http://dbpedia.org/resource/Kellogg's
83_0,0,73,Kawasaki Heavy Industries,http://dbpedia.org/resource/Kawasaki_Heavy_Industries
83_0,0,74,Karelia Fine Tobaccos,http://dbpedia.org/resource/Karelia_Tobacco_Company
83_0,0,75,Kansas City Southern,http://dbpedia.org/resource/Kansas_City_Southern_(company)
83_0,0,76,Kansai Telecasting Corporation,http://dbpedia.org/resource/Kansai_Telecasting_Corporation
83_0,0,77,Kansai Electric Power Company,http://dbpedia.org/resource/Kansai_Electric_Power_Company
83_0,0,78,Kaman Aircraft,http://dbpedia.org/resource/Kaman_Corporation
83_0,0,79,Kabel Deutschland,http://dbpedia.org/resource/Vodafone_Kabel_Deutschland
83_0,0,80,KWS Saat,http://dbpedia.org/resource/KWS_Saat
83_0,0,81,KUKA,http://dbpedia.org/resource/KUKA
83_0,0,82,KPN,http://dbpedia.org/resource/KPN
83_0,0,83,KIPCO,http://dbpedia.org/resource/KIPCO_Asset_Management_Company_KSC_–_KAMCO
83_0,0,84,KION Group,http://dbpedia.org/resource/KION_Group
83_0,0,85,KDD Group,http://dbpedia.org/resource/KDD_Group
83_0,0,86,KCG Holdings,http://dbpedia.org/resource/KCG_Holdings
83_0,0,87,KB Home,http://dbpedia.org/resource/KB_Home
83_0,0,88,KBM Banka,http://dbpedia.org/resource/Komerční_banka
83_0,0,89,KBL European Private Bankers,http://dbpedia.org/resource/KBL_European_Private_Bankers
83_0,0,90,KBC Bank,http://dbpedia.org/resource/KBC_Bank
83_0,0,91,K+S,http://dbpedia.org/resource/K+S
83_0,0,92,Jyske Bank,http://dbpedia.org/resource/Jyske_Bank
83_0,0,93,Jumbo S.A.,http://dbpedia.org/resource/Jumbo_S.A.
83_0,0,94,Joy Global,http://dbpedia.org/resource/Joy_Global
83_0,0,95,Journal Media Group,http://dbpedia.org/resource/Springer_Science+Business_Media
83_0,0,96,Joint Stock Commercial Bank for Foreign Trade of Vietnam,http://dbpedia.org/resource/Vietcombank
83_0,0,97,JoS. A. Bank Clothiers,http://dbpedia.org/resource/JoS._A._Bank_Clothiers
83_0,0,98,JetBlue,http://dbpedia.org/resource/JetBlue
83_0,0,99,Jat Tehnika,http://dbpedia.org/resource/SAF_Tehnika
83_0,0,100,Jat Airways,http://dbpedia.org/resource/Air_Serbia
83_0,0,101,Japan Post Holdings,http://dbpedia.org/resource/Japan_Post_Holdings
83_0,0,102,Japan Finance Corporation,http://dbpedia.org/resource/Nissan
83_0,0,103,Jaguar Land Rover,http://dbpedia.org/resource/Jaguar_Cars
83_0,0,104,Jacobs Engineering Group,http://dbpedia.org/resource/Jacobs_Engineering_Group
83_0,0,105,Jabil Circuit,http://dbpedia.org/resource/Jabil
83_0,0,106,JX Holdings,http://dbpedia.org/resource/JXTG_Holdings
83_0,0,107,JUBMES banka,http://dbpedia.org/resource/JUBMES_banka
83_0,0,108,JLL,http://dbpedia.org/resource/JLL_(company)
83_0,0,109,JGSP Novi Sad,http://dbpedia.org/resource/JGSP_Novi_Sad
83_0,0,110,JDSU,http://dbpedia.org/resource/JDSU
83_0,0,111,JA Solar Holdings,http://dbpedia.org/resource/JA_Solar_Holdings
83_0,0,112,J. C. Penney,http://dbpedia.org/resource/J._C._Penney
83_0,0,113,J. Alexander's,http://dbpedia.org/resource/J._Alexander's
83_0,0,114,J.Crew,http://dbpedia.org/resource/J.Crew
83_0,0,115,Italdesign Giugiaro,http://dbpedia.org/resource/Italdesign_Giugiaro
83_0,0,116,Italcementi,http://dbpedia.org/resource/Italcementi
83_0,0,117,Isle of Man Bank,http://dbpedia.org/resource/HSBC
83_0,0,118,Isle of Capri Casinos,http://dbpedia.org/resource/Isle_of_Capri_Casinos
83_0,0,119,Investment Technology Group,http://dbpedia.org/resource/Investment_Technology_Group
83_0,0,120,Intuitive Surgical,http://dbpedia.org/resource/Intuitive_Surgical
83_0,0,121,Intralot,http://dbpedia.org/resource/Intralot
83_0,0,122,InternetQ,http://dbpedia.org/resource/InternetQ
83_0,0,123,International Paper,http://dbpedia.org/resource/International_Paper
83_0,0,124,International Game Technology,http://dbpedia.org/resource/International_Game_Technology_(1975-2015)
83_0,0,125,International Flavors & Fragrances,http://dbpedia.org/resource/International_Flavors_&_Fragrances
83_0,0,126,International Container Terminal Services Inc.,http://dbpedia.org/resource/General_Electric
83_0,0,127,International Bank of Azerbaijan,http://dbpedia.org/resource/International_Bank_of_Azerbaijan
83_0,0,128,"Interface, Inc.","http://dbpedia.org/resource/Interface,_Inc."
83_0,0,129,Intercell,http://dbpedia.org/resource/Intercell
83_0,0,130,Interactive Brokers Group,http://dbpedia.org/resource/Disney_Interactive_Studios
83_0,0,131,Inter RAO,http://dbpedia.org/resource/Inter_RAO
83_0,0,132,Inter Pipeline,http://dbpedia.org/resource/Inter_Pipeline
83_0,0,133,Integral Systems,http://dbpedia.org/resource/Integral_Systems
83_0,0,134,Intact Financial,http://dbpedia.org/resource/Intact_Financial
83_0,0,135,Insperity,http://dbpedia.org/resource/Insperity
83_0,0,136,Ingersoll Rand,http://dbpedia.org/resource/Ingersoll-Rand
83_0,0,137,Infineon Technologies,http://dbpedia.org/resource/Infineon_Technologies
83_0,0,138,Industry of Machinery and Tractors,http://dbpedia.org/resource/Industry_of_Machinery_and_Tractors
83_0,0,139,Industrial Alliance,http://dbpedia.org/resource/IA_Financial_Group
83_0,0,140,Indra Sistemas,http://dbpedia.org/resource/Indra_Sistemas
83_0,0,141,Inditex,http://dbpedia.org/resource/Inditex
83_0,0,142,Imperial Oil,http://dbpedia.org/resource/ExxonMobil
83_0,0,143,Imlek a.d.,http://dbpedia.org/resource/Imlek_a.d.
83_0,0,144,Illinois Tool Works,http://dbpedia.org/resource/Illinois_Tool_Works
83_0,0,145,Ikarbus,http://dbpedia.org/resource/Ikarbus
83_0,0,146,Icos,http://dbpedia.org/resource/Icos
83_0,0,147,Icelandair Group,http://dbpedia.org/resource/Icelandair_Group
83_0,0,148,IberiaBank,http://dbpedia.org/resource/IberiaBank
83_0,0,149,ITT Corporation,http://dbpedia.org/resource/ITT_Inc.
