90_0,0,1,Benitec Biopharma Ltd,http://dbpedia.org/resource/Novartis
90_0,0,2,Benihana,http://dbpedia.org/resource/Benihana
90_0,0,3,Benchmark Electronics,http://dbpedia.org/resource/Benchmark_Electronics
90_0,0,4,Bemis Company,http://dbpedia.org/resource/Bemis_Company
90_0,0,5,Belo,http://dbpedia.org/resource/Belo
90_0,0,6,Bellamy's Organic,http://dbpedia.org/resource/Bellamy's_Organic
90_0,0,7,Bellamy's Australia,http://dbpedia.org/resource/Bellamy's_Australia
90_0,0,8,Belden,http://dbpedia.org/resource/Belden_(electronics_company)
90_0,0,9,Becton Dickinson,http://dbpedia.org/resource/Becton_Dickinson
90_0,0,10,Beckman Coulter,http://dbpedia.org/resource/Beckman_Coulter
90_0,0,11,Bebe Stores,http://dbpedia.org/resource/Bebe_Stores
90_0,0,12,Beam Suntory,http://dbpedia.org/resource/Beam_Suntory
90_0,0,13,Beacon Power,http://dbpedia.org/resource/Beacon_Power
90_0,0,14,Baytex Energy,http://dbpedia.org/resource/Baytex_Energy
90_0,0,15,Bayer CropScience Limited,http://dbpedia.org/resource/Bayer
90_0,0,16,Bayer,http://dbpedia.org/resource/Bayer
90_0,0,17,BayWa,http://dbpedia.org/resource/BayWa
90_0,0,18,Baxter International,http://dbpedia.org/resource/Baxter_International
90_0,0,19,Baroque Japan Limited,http://dbpedia.org/resource/Japan_Airlines
90_0,0,20,Barnes & Noble,http://dbpedia.org/resource/Barnes_&_Noble
90_0,0,21,Barilla Group,http://dbpedia.org/resource/Barilla_Group
90_0,0,22,Barclays,http://dbpedia.org/resource/Barclays
90_0,0,23,Banpu,http://dbpedia.org/resource/Banpu
90_0,0,24,Banner Bank,http://dbpedia.org/resource/Banner_Bank
90_0,0,25,Bank of Maldives,http://dbpedia.org/resource/Bank_of_Maldives
90_0,0,26,Bank of Hawaii,http://dbpedia.org/resource/Bank_of_Hawaii
90_0,0,27,Bank of Cyprus,http://dbpedia.org/resource/Bank_of_Cyprus
90_0,0,28,Bank of Bahrain and Kuwait,http://dbpedia.org/resource/Bank_of_Bahrain_and_Kuwait
90_0,0,29,Bank Saderat Iran,http://dbpedia.org/resource/Bank_Saderat_Iran
90_0,0,30,Bank Pasargad,http://dbpedia.org/resource/Bank_Pasargad
90_0,0,31,Bank Norwegian,http://dbpedia.org/resource/Bank_Norwegian
90_0,0,32,Bank Mendes Gans,http://dbpedia.org/resource/Bank_Mendes_Gans
90_0,0,33,Banif Financial Group,http://dbpedia.org/resource/Banif_Financial_Group
90_0,0,34,Bandai Namco Holdings,http://dbpedia.org/resource/Bandai_Namco_Holdings
90_0,0,35,BancorpSouth,http://dbpedia.org/resource/BancorpSouth
90_0,0,36,Banco Português de Investimento,http://dbpedia.org/resource/Banco_Português_de_Investimento
90_0,0,37,Banco Popular Español,http://dbpedia.org/resource/Banco_Popular_Español
90_0,0,38,Banco Espírito Santo,http://dbpedia.org/resource/Banco_Espírito_Santo
90_0,0,39,Banco Credicoop,http://dbpedia.org/resource/Banco_Credicoop
90_0,0,40,Banco Comercial Português,http://dbpedia.org/resource/Portuguese_Commercial_Bank
90_0,0,41,Banco Bilbao Vizcaya Argentaria,http://dbpedia.org/resource/Banco_Bilbao_Vizcaya_Argentaria
90_0,0,42,Banca Intesa Beograd,http://dbpedia.org/resource/Banca_Intesa_Beograd
90_0,0,43,BancFirst,http://dbpedia.org/resource/BancFirst
90_0,0,44,Ball Corporation,http://dbpedia.org/resource/Ball_Corporation
90_0,0,45,Baldor Electric Company,http://dbpedia.org/resource/General_Electric
90_0,0,46,Baker Hughes,http://dbpedia.org/resource/Baker_Hughes
90_0,0,47,Babcock & Wilcox,http://dbpedia.org/resource/Babcock_&_Wilcox
90_0,0,48,BTS Group Holdings,http://dbpedia.org/resource/BTS_Group_Holdings
90_0,0,49,BSI Ltd,http://dbpedia.org/resource/BSI_Ltd
90_0,0,50,BOK Financial Corporation,http://dbpedia.org/resource/Regions_Financial_Corporation
90_0,0,51,BNP Paribas,http://dbpedia.org/resource/BNP_Paribas
90_0,0,52,BMW,http://dbpedia.org/resource/BMW
90_0,0,53,BMC Software,http://dbpedia.org/resource/BMC_Software
90_0,0,54,BIP,http://it.dbpedia.org/resource/Business_integration_partners
90_0,0,55,BASF,http://dbpedia.org/resource/BASF
90_0,0,56,B/E Aerospace,http://dbpedia.org/resource/Boeing
90_0,0,57,Azimut Holding,http://dbpedia.org/resource/Azimut_Holding
90_0,0,58,AvtoVAZ,http://dbpedia.org/resource/AvtoVAZ
90_0,0,59,Avon Products,http://dbpedia.org/resource/Avon_Products
90_0,0,60,Avnet,http://dbpedia.org/resource/Avnet
90_0,0,61,Avis Rent a Car,http://dbpedia.org/resource/Avis_Car_Rental
90_0,0,62,Avis Budget Group,http://dbpedia.org/resource/Avis_Budget_Group
90_0,0,63,Avid Technology,http://dbpedia.org/resource/Avid_Technology
90_0,0,64,Avery Dennison,http://dbpedia.org/resource/Avery_Dennison
90_0,0,65,Autostrada del Brennero,http://dbpedia.org/resource/Autostrada_del_Brennero_(company)
90_0,0,66,Autoliv,http://dbpedia.org/resource/Autoliv
90_0,0,67,Autogrill,http://dbpedia.org/resource/Autogrill
90_0,0,68,AutoZone,http://dbpedia.org/resource/AutoZone
90_0,0,69,AutoNation,http://dbpedia.org/resource/AutoNation
90_0,0,70,Aurubis,http://dbpedia.org/resource/Aurubis
90_0,0,71,Aurora Energy,http://dbpedia.org/resource/Aurora_Energy_(New_Zealand)
90_0,0,72,Audi,http://dbpedia.org/resource/Audi
90_0,0,73,Auburn National Bancorporation,http://dbpedia.org/resource/Auburn_National_Bancorporation
90_0,0,74,Attijariwafa Bank,http://dbpedia.org/resource/Attijariwafa_Bank
90_0,0,75,Attica Group,http://dbpedia.org/resource/Attica_Group
90_0,0,76,Attica Bank,http://dbpedia.org/resource/Attica_Bank
90_0,0,77,Atos,http://dbpedia.org/resource/Atos
90_0,0,78,Atmel,http://dbpedia.org/resource/Atmel
90_0,0,79,Atlas Mara Limited,http://dbpedia.org/resource/Atlas_Mara_Limited
90_0,0,80,Atlas Energy,http://dbpedia.org/resource/Atlas_Energy
90_0,0,81,Atlas Air,http://dbpedia.org/resource/Atlas_Air
90_0,0,82,Atlantic Petroleum,http://dbpedia.org/resource/Atlantic_Petroleum_(Faroe_Islands)
90_0,0,83,Atlantia,http://dbpedia.org/resource/Atlantia_(company)
90_0,0,84,Asus,http://dbpedia.org/resource/Asus
90_0,0,85,Aster DM Healthcare,http://dbpedia.org/resource/Aster_DM_Healthcare
90_0,0,86,Astarta Holding,http://dbpedia.org/resource/Astarta_Holding
90_0,0,87,Assicurazioni Generali,http://dbpedia.org/resource/Assicurazioni_Generali
90_0,0,88,Assa Abloy,http://dbpedia.org/resource/Assa_Abloy
90_0,0,89,AskMeNow,http://dbpedia.org/resource/AskMeNow
90_0,0,90,Ascent Media,http://dbpedia.org/resource/Ascent_Solar
90_0,0,91,Ascena Retail Group,http://dbpedia.org/resource/Ascena_Retail_Group
90_0,0,92,Arçelik,http://dbpedia.org/resource/Arçelik
90_0,0,93,Aruba Networks,http://dbpedia.org/resource/Aruba_Networks
90_0,0,94,Art Technology Group,http://dbpedia.org/resource/Art_Technology_Group
90_0,0,95,Arris Group,http://dbpedia.org/resource/Arris_International
90_0,0,96,Arnoldo Mondadori Editore,http://dbpedia.org/resource/Arnoldo_Mondadori_Editore
90_0,0,97,Armstrong World Industries,http://dbpedia.org/resource/Armstrong_World_Industries
90_0,0,98,Arkema,http://dbpedia.org/resource/Arkema
90_0,0,99,Arista Networks,http://dbpedia.org/resource/Arista_Networks
90_0,0,100,Arion Bank,http://dbpedia.org/resource/Arion_Bank
90_0,0,101,Arctic Cat,http://dbpedia.org/resource/Arctic_Cat
90_0,0,102,Aramark,http://dbpedia.org/resource/Aramark
90_0,0,103,Arçelik,http://dbpedia.org/resource/Arçelik
90_0,0,104,"Aquila, Inc.","http://dbpedia.org/resource/Aquila,_Inc."
90_0,0,105,Aqua America,http://dbpedia.org/resource/Aqua_America
90_0,0,106,Applied Micro Circuits Corporation,http://dbpedia.org/resource/Applied_Micro_Circuits_Corporation
90_0,0,107,Applied Materials,http://dbpedia.org/resource/Applied_Materials
90_0,0,108,Applebee's,http://dbpedia.org/resource/Applebee's
90_0,0,109,Apple Inc.,http://dbpedia.org/resource/Apple_Inc.
90_0,0,110,Apollo Global Management,http://dbpedia.org/resource/Apollo_Global_Management
