List_of_Major_League_Baseball_players_from_Europe#28_0,0,1,Jimmy Archer,http://dbpedia.org/resource/Jimmy_Archer
List_of_Major_League_Baseball_players_from_Europe#28_0,0,2,Tommy Bond,http://dbpedia.org/resource/Tommy_Bond_(baseball)
List_of_Major_League_Baseball_players_from_Europe#28_0,0,3,Hugh Campbell,http://dbpedia.org/resource/Hugh_Campbell_(baseball)
List_of_Major_League_Baseball_players_from_Europe#28_0,0,4,Mike Campbell,http://dbpedia.org/resource/Mike_Campbell_(first_baseman)
List_of_Major_League_Baseball_players_from_Europe#28_0,0,5,Joe Cleary,http://dbpedia.org/resource/Joe_Cleary
List_of_Major_League_Baseball_players_from_Europe#28_0,0,6,Bill Collins,http://es.dbpedia.org/resource/Bill_Collins
List_of_Major_League_Baseball_players_from_Europe#28_0,0,7,John Curran,http://dbpedia.org/resource/John_Curran_(baseball)
List_of_Major_League_Baseball_players_from_Europe#28_0,0,8,Andy Cusick,http://dbpedia.org/resource/Andy_Cusick
List_of_Major_League_Baseball_players_from_Europe#28_0,0,9,Hugh Daily,http://dbpedia.org/resource/Hugh_Daily
List_of_Major_League_Baseball_players_from_Europe#28_0,0,10,Pete Daniels,http://dbpedia.org/resource/Pete_Daniels
List_of_Major_League_Baseball_players_from_Europe#28_0,0,11,Patsy Donovan,http://dbpedia.org/resource/Patsy_Donovan
List_of_Major_League_Baseball_players_from_Europe#28_0,0,12,Tom Dowse,http://dbpedia.org/resource/Tom_Dowse
List_of_Major_League_Baseball_players_from_Europe#28_0,0,13,Conny Doyle,http://dbpedia.org/resource/Conny_Doyle
List_of_Major_League_Baseball_players_from_Europe#28_0,0,14,Jack Doyle,http://dbpedia.org/resource/Jack_Doyle_(baseball)
List_of_Major_League_Baseball_players_from_Europe#28_0,0,15,Ed Duffy,http://dbpedia.org/resource/Ed_Duffy
List_of_Major_League_Baseball_players_from_Europe#28_0,0,16,Bill Farmer,http://dbpedia.org/resource/Bill_Farmer_(baseball)
List_of_Major_League_Baseball_players_from_Europe#28_0,0,17,Jocko Fields,http://dbpedia.org/resource/Jocko_Fields
List_of_Major_League_Baseball_players_from_Europe#28_0,0,18,Mike Flynn,http://dbpedia.org/resource/Mike_Flynn_(basketball)
List_of_Major_League_Baseball_players_from_Europe#28_0,0,19,Curry Foley,http://dbpedia.org/resource/Curry_Foley
List_of_Major_League_Baseball_players_from_Europe#28_0,0,20,Jimmy Hallinan,http://dbpedia.org/resource/Jimmy_Hallinan
List_of_Major_League_Baseball_players_from_Europe#28_0,0,21,Mike Hines,http://dbpedia.org/resource/Mike_Hines
List_of_Major_League_Baseball_players_from_Europe#28_0,0,22,Andy Leonard,http://dbpedia.org/resource/Andy_Leonard
List_of_Major_League_Baseball_players_from_Europe#28_0,0,23,Con Lucid,http://dbpedia.org/resource/Con_Lucid
List_of_Major_League_Baseball_players_from_Europe#28_0,0,24,Reddy Mack,http://dbpedia.org/resource/Reddy_Mack
List_of_Major_League_Baseball_players_from_Europe#28_0,0,25,Fergy Malone,http://dbpedia.org/resource/Fergy_Malone
List_of_Major_League_Baseball_players_from_Europe#28_0,0,26,Charlie McCullough,http://dbpedia.org/resource/Charlie_McCullough
List_of_Major_League_Baseball_players_from_Europe#28_0,0,27,John McGuinness,http://dbpedia.org/resource/John_McGuinness_(baseball)
List_of_Major_League_Baseball_players_from_Europe#28_0,0,28,Irish McIlveen,http://dbpedia.org/resource/Irish_McIlveen
List_of_Major_League_Baseball_players_from_Europe#28_0,0,29,Barney McLaughlin,http://dbpedia.org/resource/Barney_McLaughlin
List_of_Major_League_Baseball_players_from_Europe#28_0,0,30,Pat McManus,http://dbpedia.org/resource/Pat_McManus
List_of_Major_League_Baseball_players_from_Europe#28_0,0,31,Mike Muldoon,http://dbpedia.org/resource/Mike_Muldoon
List_of_Major_League_Baseball_players_from_Europe#28_0,0,32,Tony Mullane,http://dbpedia.org/resource/Tony_Mullane
List_of_Major_League_Baseball_players_from_Europe#28_0,0,33,Tom Needham,http://dbpedia.org/resource/Tom_Needham
List_of_Major_League_Baseball_players_from_Europe#28_0,0,34,Sam Nicholl,http://dbpedia.org/resource/Sam_Nicholl
List_of_Major_League_Baseball_players_from_Europe#28_0,0,35,Johnny O'Connor,http://dbpedia.org/resource/Johnny_O'Connor_(baseball)
List_of_Major_League_Baseball_players_from_Europe#28_0,0,36,Paddy O'Connor,http://dbpedia.org/resource/Paddy_O'Connor
List_of_Major_League_Baseball_players_from_Europe#28_0,0,37,Fancy O'Neil,http://dbpedia.org/resource/Fancy_O'Neil
List_of_Major_League_Baseball_players_from_Europe#28_0,0,38,Jack O'Neill,http://dbpedia.org/resource/Jack_O'Neill_(baseball)
List_of_Major_League_Baseball_players_from_Europe#28_0,0,39,Mike O'Neill,http://dbpedia.org/resource/Mike_O'Neill_(baseball)
List_of_Major_League_Baseball_players_from_Europe#28_0,0,40,Cyclone Ryan,http://dbpedia.org/resource/Cyclone_Ryan
List_of_Major_League_Baseball_players_from_Europe#28_0,0,41,Bill Sullivan,http://dbpedia.org/resource/Bill_Sullivan_(pitcher)
List_of_Major_League_Baseball_players_from_Europe#28_0,0,42,Sleeper Sullivan,http://dbpedia.org/resource/Sleeper_Sullivan
List_of_Major_League_Baseball_players_from_Europe#28_0,0,43,Ted Sullivan,http://dbpedia.org/resource/Ted_Sullivan_(baseball)
List_of_Major_League_Baseball_players_from_Europe#28_0,0,44,John Tener,http://dbpedia.org/resource/John_K._Tener
List_of_Major_League_Baseball_players_from_Europe#28_0,0,45,Jimmy Walsh,"http://dbpedia.org/resource/Jimmy_Walsh_(footballer,_born_1930)"
