v10_464_0,0,1,Mixophyes hihihorlo,http://dbpedia.org/resource/Mixophyes_hihihorlo
v10_464_0,0,2,Mixe tree frog,http://dbpedia.org/resource/Mixe_tree_frog
v10_464_0,0,3,Mission golden-eyed tree frog,http://dbpedia.org/resource/Mission_golden-eyed_tree_frog
v10_464_0,0,4,Mink frog,http://dbpedia.org/resource/Mink_frog
v10_464_0,0,5,Mindoro tree frog,http://dbpedia.org/resource/Mindoro_tree_frog
v10_464_0,0,6,Mindanao horned frog,http://dbpedia.org/resource/Mindanao_horned_frog
v10_464_0,0,7,Mindanao Island caecilian,http://dbpedia.org/resource/Mindanao_Island_caecilian
v10_464_0,0,8,Mimosiphonops vermiculatus,http://dbpedia.org/resource/Mimosiphonops_vermiculatus
v10_464_0,0,9,Mimosiphonops reinhardti,http://dbpedia.org/resource/Mimosiphonops_reinhardti
v10_464_0,0,10,Mimic tree frog,http://dbpedia.org/resource/Mimic_tree_frog
v10_464_0,0,11,Mimic toadlet,http://dbpedia.org/resource/Mimic_toadlet
v10_464_0,0,12,Mimic poison frog,http://dbpedia.org/resource/Mimic_poison_frog
v10_464_0,0,13,Millville climbing salamander,http://dbpedia.org/resource/Millville_climbing_salamander
v10_464_0,0,14,Middle East tree frog,http://dbpedia.org/resource/Hyla_savignyi
v10_464_0,0,15,Micryletta inornata,http://dbpedia.org/resource/Micryletta_inornata
v10_464_0,0,16,Microhyla zeylanica,http://dbpedia.org/resource/Microhyla_zeylanica
v10_464_0,0,17,Microhyla rubra,http://dbpedia.org/resource/Microhyla_rubra
v10_464_0,0,18,Microhyla pulverata,http://dbpedia.org/resource/Microhyla_pulverata
v10_464_0,0,19,Microhyla picta,http://dbpedia.org/resource/Microhyla_picta
v10_464_0,0,20,Microhyla petrigena,http://dbpedia.org/resource/Microhyla_petrigena
v10_464_0,0,21,Microhyla perparva,http://dbpedia.org/resource/Microhyla_perparva
v10_464_0,0,22,Microhyla ornata,http://dbpedia.org/resource/Microhyla_ornata
v10_464_0,0,23,Microhyla nanapollexa,http://dbpedia.org/resource/Microhyla_nanapollexa
v10_464_0,0,24,Microhyla marmorata,http://dbpedia.org/resource/Microhyla_marmorata
v10_464_0,0,25,Microhyla karunaratnei,http://dbpedia.org/resource/Microhyla_karunaratnei
v10_464_0,0,26,Microhyla erythropoda,http://dbpedia.org/resource/Micryletta_erythropoda
v10_464_0,0,27,Microhyla annamensis,http://dbpedia.org/resource/Microhyla_annamensis
v10_464_0,0,28,Microhyla achatina,http://dbpedia.org/resource/Microhyla_achatina
v10_464_0,0,29,Microcaecilia unicolor,http://dbpedia.org/resource/Microcaecilia_unicolor
v10_464_0,0,30,Microcaecilia taylori,http://dbpedia.org/resource/Microcaecilia_taylori
v10_464_0,0,31,Microcaecilia supernumeraria,http://dbpedia.org/resource/Microcaecilia_supernumeraria
v10_464_0,0,32,Micro frog,http://dbpedia.org/resource/Micro_frog
v10_464_0,0,33,Mexican leaf frog,http://dbpedia.org/resource/Mexican_leaf_frog
v10_464_0,0,34,Mexican climbing salamander,http://dbpedia.org/resource/Mexican_climbing_salamander
v10_464_0,0,35,Mexican burrowing caecilian,http://dbpedia.org/resource/Dermophis_mexicanus
v10_464_0,0,36,Metamagnusia slateri,http://dbpedia.org/resource/Metamagnusia_slateri
v10_464_0,0,37,Metacrinia,http://dbpedia.org/resource/Metacrinia
v10_464_0,0,38,Merlin's dwarf gray frog,http://dbpedia.org/resource/Merlin's_dwarf_gray_frog
v10_464_0,0,39,Meristogenys poecilus,http://dbpedia.org/resource/Meristogenys_poecilus
v10_464_0,0,40,Meristogenys phaeomerus,http://dbpedia.org/resource/Meristogenys_phaeomerus
v10_464_0,0,41,Meristogenys macrophthalmus,http://dbpedia.org/resource/Meristogenys_macrophthalmus
v10_464_0,0,42,Meristogenys jerboa,http://dbpedia.org/resource/Meristogenys_jerboa
v10_464_0,0,43,Meristogenys amoropalamus,http://dbpedia.org/resource/Meristogenys_amoropalamus
v10_464_0,0,44,Merida Andes tree frog,http://dbpedia.org/resource/Merida_Andes_tree_frog
v10_464_0,0,45,Menon's caecilian,http://dbpedia.org/resource/Menon's_caecilian
v10_464_0,0,46,Menemsorae tree frog,http://dbpedia.org/resource/Menemsorae_tree_frog
v10_464_0,0,47,Meliana climbing salamander,http://dbpedia.org/resource/Meliana_climbing_salamander
v10_464_0,0,48,Melanophryniscus tumifrons,http://dbpedia.org/resource/Melanophryniscus_tumifrons
v10_464_0,0,49,Melanophryniscus stelzneri,http://dbpedia.org/resource/Melanophryniscus_dorsalis
v10_464_0,0,50,Melanophryniscus spectabilis,http://dbpedia.org/resource/Melanophryniscus_spectabilis
v10_464_0,0,51,Melanophryniscus simplex,http://dbpedia.org/resource/Melanophryniscus_simplex
v10_464_0,0,52,Melanophryniscus rubriventris,http://dbpedia.org/resource/Melanophryniscus_rubriventris
v10_464_0,0,53,Melanophryniscus montevidensis,http://dbpedia.org/resource/Melanophryniscus_montevidensis
v10_464_0,0,54,Melanophryniscus krauczuki,http://dbpedia.org/resource/Melanophryniscus_krauczuki
v10_464_0,0,55,Melanophryniscus fulvoguttatus,http://dbpedia.org/resource/Melanophryniscus_fulvoguttatus
v10_464_0,0,56,Melanophryniscus devincenzii,http://dbpedia.org/resource/Melanophryniscus_devincenzii
v10_464_0,0,57,Melanophryniscus cupreuscapularis,http://dbpedia.org/resource/Melanophryniscus_cupreuscapularis
v10_464_0,0,58,Melanophryniscus cambaraensis,http://dbpedia.org/resource/Melanophryniscus_cambaraensis
v10_464_0,0,59,Melanophryniscus atroluteus,http://dbpedia.org/resource/Melanophryniscus_atroluteus
v10_464_0,0,60,Mediterranean tree frog,http://dbpedia.org/resource/Mediterranean_tree_frog
v10_464_0,0,61,Medellin climbing salamander,http://dbpedia.org/resource/Medellin_climbing_salamander
v10_464_0,0,62,Mcdonald's frog,http://dbpedia.org/resource/Mcdonald's_frog
v10_464_0,0,63,Maya Mountains frog,http://dbpedia.org/resource/Maya_Mountains_frog
v10_464_0,0,64,Mawa clawed frog,http://dbpedia.org/resource/Xenopus_boumbaensis
v10_464_0,0,65,Maud Island frog,http://dbpedia.org/resource/Maud_Island_frog
v10_464_0,0,66,Masked frog,http://dbpedia.org/resource/Masked_frog
v10_464_0,0,67,Masiliwa snout-burrower,http://dbpedia.org/resource/Masiliwa_snout-burrower
v10_464_0,0,68,Martin's toadlet,http://dbpedia.org/resource/Martin's_toadlet
v10_464_0,0,69,Marsh frog,http://dbpedia.org/resource/Marsh_frog
v10_464_0,0,70,Marsabit clawed frog,http://dbpedia.org/resource/Marsabit_clawed_frog
v10_464_0,0,71,Marojejy mantella,http://dbpedia.org/resource/Marojejy_mantella
v10_464_0,0,72,Marmaris Lycian salamander,http://dbpedia.org/resource/Marmaris_Lycian_salamander
v10_464_0,0,73,Marcapata Valley caecilian,http://dbpedia.org/resource/Marcapata_Valley_caecilian
v10_464_0,0,74,Marbled toadlet,http://dbpedia.org/resource/Marbled_toadlet
v10_464_0,0,75,Marbled snout-burrower,http://dbpedia.org/resource/Marbled_snout-burrower
v10_464_0,0,76,Marbled salamander,http://dbpedia.org/resource/Marbled_salamander
v10_464_0,0,77,Marbled rubber frog,http://dbpedia.org/resource/Marbled_rubber_frog
v10_464_0,0,78,Marbled reed frog,http://dbpedia.org/resource/Marbled_reed_frog
v10_464_0,0,79,Marbled newt,http://dbpedia.org/resource/Marbled_newt
v10_464_0,0,80,Marbled frog,http://dbpedia.org/resource/Marbled_frog
v10_464_0,0,81,Marbled caecilian,http://dbpedia.org/resource/Marbled_caecilian
v10_464_0,0,82,Maracas heart-tongued frog,http://dbpedia.org/resource/Maracas_heart-tongued_frog
v10_464_0,0,83,Map tree frog,http://dbpedia.org/resource/Map_tree_frog
v10_464_0,0,84,Many-ribbed salamander,http://dbpedia.org/resource/Many-ribbed_salamander
v10_464_0,0,85,Many-banded tree frog,http://dbpedia.org/resource/Many-banded_tree_frog
v10_464_0,0,86,Mantophryne louisiadensis,http://dbpedia.org/resource/Mantophryne_louisiadensis
v10_464_0,0,87,Mantophryne lateralis,http://dbpedia.org/resource/Mantophryne_lateralis
v10_464_0,0,88,Mantophryne infulata,http://dbpedia.org/resource/Mantophryne_infulata
v10_464_0,0,89,Mantidactylus zolitschka,http://dbpedia.org/resource/Mantidactylus_zolitschka
v10_464_0,0,90,Mantidactylus ventrimaculatus,http://dbpedia.org/resource/Mantidactylus_ventrimaculatus
v10_464_0,0,91,Mantidactylus ulcerosus,http://dbpedia.org/resource/Mantidactylus_ulcerosus
v10_464_0,0,92,Mantidactylus tricinctus,http://dbpedia.org/resource/Mantidactylus_tricinctus
v10_464_0,0,93,Mantidactylus tornieri,http://dbpedia.org/resource/Mantidactylus_tornieri
v10_464_0,0,94,Mantidactylus spiniferus,http://dbpedia.org/resource/Gephyromantis_spiniferus
v10_464_0,0,95,Mantidactylus phantasticus,http://dbpedia.org/resource/Spinomantis_phantasticus
v10_464_0,0,96,Mantidactylus pauliani,http://dbpedia.org/resource/Mantidactylus_pauliani
v10_464_0,0,97,Mantidactylus opiparis,http://dbpedia.org/resource/Mantidactylus_opiparis
v10_464_0,0,98,Mantidactylus noralottae,http://dbpedia.org/resource/Mantidactylus_noralottae
v10_464_0,0,99,Mantidactylus mocquardi,http://dbpedia.org/resource/Mantidactylus_mocquardi
v10_464_0,0,100,Mantidactylus melanopleura,http://dbpedia.org/resource/Mantidactylus_melanopleura
v10_464_0,0,101,Mantidactylus majori,http://dbpedia.org/resource/Mantidactylus_majori
v10_464_0,0,102,Mantidactylus madecassus,http://dbpedia.org/resource/Mantidactylus_madecassus
v10_464_0,0,103,Mantidactylus lugubris,http://dbpedia.org/resource/Mantidactylus_lugubris
v10_464_0,0,104,Mantidactylus guttulatus,http://dbpedia.org/resource/Mantidactylus_guttulatus
v10_464_0,0,105,Mantidactylus grandidieri,http://dbpedia.org/resource/Mantidactylus_grandidieri
v10_464_0,0,106,Mantidactylus femoralis,http://dbpedia.org/resource/Mantidactylus_femoralis
v10_464_0,0,107,Mantidactylus delormei,http://dbpedia.org/resource/Mantidactylus_delormei
v10_464_0,0,108,Mantidactylus curtus,http://dbpedia.org/resource/Mantidactylus_curtus
v10_464_0,0,109,Mantidactylus cowanii,http://dbpedia.org/resource/Mantidactylus_cowanii
v10_464_0,0,110,Mantidactylus charlotteae,http://dbpedia.org/resource/Mantidactylus_charlotteae
v10_464_0,0,111,Mantidactylus brunae,http://dbpedia.org/resource/Spinomantis_brunae
v10_464_0,0,112,Mantidactylus brevipalmatus,http://dbpedia.org/resource/Mantidactylus_brevipalmatus
v10_464_0,0,113,Mantidactylus bourgati,http://dbpedia.org/resource/Mantidactylus_bourgati
v10_464_0,0,114,Mantidactylus biporus,http://dbpedia.org/resource/Mantidactylus_biporus
v10_464_0,0,115,Mantidactylus betsileanus,http://dbpedia.org/resource/Mantidactylus_betsileanus
v10_464_0,0,116,Mantidactylus bellyi,http://dbpedia.org/resource/Mantidactylus_bellyi
v10_464_0,0,117,Mantidactylus argenteus,http://dbpedia.org/resource/Mantidactylus_argenteus
v10_464_0,0,118,Mantidactylus ambreensis,http://dbpedia.org/resource/Mantidactylus_ambreensis
