v10_1842_0,0,1,S. Collins,http://dbpedia.org/resource/Sean_Collins_(ice_hockey_defenceman)
v10_1842_0,0,2,S. Brown,http://dbpedia.org/resource/Sean_Brown
v10_1842_0,0,3,S. Balan,
v10_1842_0,0,4,S. Upshall,http://dbpedia.org/resource/Scottie_Upshall
v10_1842_0,0,5,S. Wilson,"http://dbpedia.org/resource/Scott_Wilson_(footballer,_born_1977)"
v10_1842_0,0,6,S. Wedgewood,http://dbpedia.org/resource/Scott_Wedgewood
v10_1842_0,0,7,S. Valentine,http://dbpedia.org/resource/Scott_Valentine_(ice_hockey)
v10_1842_0,0,8,S. Timmins,http://dbpedia.org/resource/Scott_Timmins
v10_1842_0,0,9,S. Mayfield,http://dbpedia.org/resource/Scott_Mayfield
v10_1842_0,0,10,S. Lehman,http://dbpedia.org/resource/Scott_Lehman
v10_1842_0,0,11,S. Laughton,http://dbpedia.org/resource/Scott_Laughton
v10_1842_0,0,12,S. Langkow,http://dbpedia.org/resource/Scott_Langkow
v10_1842_0,0,13,S. Kosmachuk,http://dbpedia.org/resource/Scott_Kosmachuk
v10_1842_0,0,14,S. Jackson,http://dbpedia.org/resource/Scott_Jackson_(ice_hockey)
v10_1842_0,0,15,S. Hartnell,http://dbpedia.org/resource/Scott_Hartnell
v10_1842_0,0,16,S. Harrington,http://dbpedia.org/resource/Scott_Harrington_(ice_hockey)
v10_1842_0,0,17,S. Glennie,http://dbpedia.org/resource/Scott_Glennie
v10_1842_0,0,18,S. Darling,http://dbpedia.org/resource/Scott_Darling
v10_1842_0,0,19,S. Barney,http://dbpedia.org/resource/Scott_Barney
v10_1842_0,0,20,S. Pokulok,http://dbpedia.org/resource/Sasha_Pokulok
v10_1842_0,0,21,S. Goc,http://dbpedia.org/resource/Sascha_Goc
v10_1842_0,0,22,S. Saari,http://dbpedia.org/resource/Santeri_Saari
v10_1842_0,0,23,S. Morin,http://dbpedia.org/resource/Samuel_Morin
v10_1842_0,0,24,S. Perhonen,http://dbpedia.org/resource/Samu_Perhonen
v10_1842_0,0,25,S. Venäläinen,http://dbpedia.org/resource/Sami_Venäläinen
v10_1842_0,0,26,S. Vatanen,http://dbpedia.org/resource/Sami_Vatanen
v10_1842_0,0,27,S. Niku,http://dbpedia.org/resource/Sami_Niku
v10_1842_0,0,28,S. Lepistö,http://dbpedia.org/resource/Sami_Lepistö
v10_1842_0,0,29,S. Aittokallio,http://dbpedia.org/resource/Sami_Aittokallio
v10_1842_0,0,30,S. Steel,http://dbpedia.org/resource/Sam_Steel
v10_1842_0,0,31,S. Reinhart,http://dbpedia.org/resource/Sam_Reinhart
v10_1842_0,0,32,S. Gagner,http://dbpedia.org/resource/Sam_Gagner
v10_1842_0,0,33,S. Carrick,http://dbpedia.org/resource/Sam_Carrick
v10_1842_0,0,34,S. Brittain,http://dbpedia.org/resource/Sam_Brittain
v10_1842_0,0,35,S. Bennett,http://dbpedia.org/resource/Shayne_Bennett
v10_1842_0,0,36,S. Salminen,http://dbpedia.org/resource/Saku_Salminen
v10_1842_0,0,37,S. Mäenalanen,http://dbpedia.org/resource/Saku_Mäenalanen
v10_1842_0,0,38,S. Charpentier,http://dbpedia.org/resource/Sébastien_Charpentier_(ice_hockey)
v10_1842_0,0,39,S. Caron,http://dbpedia.org/resource/Sébastien_Caron
v10_1842_0,0,40,R. Balcers,http://dbpedia.org/resource/Rūdolfs_Balcers
v10_1842_0,0,41,R. Petrovický,http://dbpedia.org/resource/Róbert_Petrovický
v10_1842_0,0,42,R. Grantham,
v10_1842_0,0,43,R. White,http://dbpedia.org/resource/Bill_White_(ice_hockey)
v10_1842_0,0,44,R. Wade,http://fr.dbpedia.org/resource/Ryan_Wade
v10_1842_0,0,45,R. Thang,http://dbpedia.org/resource/Ryan_Thang
v10_1842_0,0,46,R. Suter,http://dbpedia.org/resource/Ryan_Suter
v10_1842_0,0,47,R. Strome,http://dbpedia.org/resource/Ryan_Strome
v10_1842_0,0,48,R. Stone,http://dbpedia.org/resource/Ryan_Stone
v10_1842_0,0,49,R. Stoa,http://dbpedia.org/resource/Ryan_Stoa
v10_1842_0,0,50,R. Sproul,http://dbpedia.org/resource/Ryan_Sproul
v10_1842_0,0,51,R. Spooner,http://dbpedia.org/resource/Ryan_Spooner
v10_1842_0,0,52,R. Russell,http://dbpedia.org/resource/Ryan_Russell
v10_1842_0,0,53,R. Rupert,
v10_1842_0,0,54,R. Reaves,http://dbpedia.org/resource/Ryan_Reaves
v10_1842_0,0,55,R. Pulock,http://dbpedia.org/resource/Ryan_Pulock
v10_1842_0,0,56,R. Potulny,http://dbpedia.org/resource/Ryan_Potulny
v10_1842_0,0,57,R. O'Reilly,http://dbpedia.org/resource/Ryan_O'Reilly_(ice_hockey)
v10_1842_0,0,58,R. Nugent-Hopkins,http://dbpedia.org/resource/Ryan_Nugent-Hopkins
v10_1842_0,0,59,R. Murray,http://dbpedia.org/resource/Rob_Murray
v10_1842_0,0,60,R. Murphy,"http://dbpedia.org/resource/Ryan_Murphy_(ice_hockey,_born_1993)"
v10_1842_0,0,61,R. Munce,http://dbpedia.org/resource/Ryan_Munce
v10_1842_0,0,62,R. Miller,http://dbpedia.org/resource/Ryan_Miller
v10_1842_0,0,63,R. McDonagh,http://dbpedia.org/resource/Ryan_McDonagh
v10_1842_0,0,64,R. Martindale,http://dbpedia.org/resource/Ryan_Martindale
v10_1842_0,0,65,R. MacMurchy,http://dbpedia.org/resource/Ryan_MacMurchy
v10_1842_0,0,66,R. MacInnis,http://dbpedia.org/resource/Al_MacInnis
v10_1842_0,0,67,R. Kraft,http://dbpedia.org/resource/Ryan_Kraft
v10_1842_0,0,68,R. Kesler,http://dbpedia.org/resource/Ryan_Kesler
v10_1842_0,0,69,R. Jones,http://dbpedia.org/resource/Ron_Jones_(ice_hockey)
v10_1842_0,0,70,R. Johansen,http://dbpedia.org/resource/Ryan_Johansen
v10_1842_0,0,71,R. Hollweg,http://dbpedia.org/resource/Ryan_Hollweg
v10_1842_0,0,72,R. Hegarty,
v10_1842_0,0,73,R. Hartman,http://dbpedia.org/resource/Ryan_Hartman
v10_1842_0,0,74,R. Gropp,http://uk.dbpedia.org/resource/Раєн_Гропп
v10_1842_0,0,75,R. Glenn,http://dbpedia.org/resource/Ryan_Glenn
v10_1842_0,0,76,R. Getzlaf,http://dbpedia.org/resource/Ryan_Getzlaf
v10_1842_0,0,77,R. Flynn,http://dbpedia.org/resource/Ryan_Flynn_(ice_hockey)
v10_1842_0,0,78,R. Ellis,http://dbpedia.org/resource/Ryan_Ellis
v10_1842_0,0,79,R. Dzingel,http://dbpedia.org/resource/Ryan_Dzingel
v10_1842_0,0,80,R. Donato,http://dbpedia.org/resource/Ryan_Donato
v10_1842_0,0,81,R. Craig,http://dbpedia.org/resource/Ryan_Craig
v10_1842_0,0,82,R. Callahan,http://dbpedia.org/resource/Ryan_Callahan
v10_1842_0,0,83,R. Caldwell,http://dbpedia.org/resource/Ryan_Caldwell_(ice_hockey)
v10_1842_0,0,84,R. Button,http://dbpedia.org/resource/Ryan_Button
v10_1842_0,0,85,R. Bourque,http://dbpedia.org/resource/Ray_Bourque
v10_1842_0,0,86,R. Zainullin,
v10_1842_0,0,87,R. Bernikov,http://dbpedia.org/resource/Ruslan_Bernikov
v10_1842_0,0,88,R. Bashkirov,http://dbpedia.org/resource/Andrei_Bashkirov
v10_1842_0,0,89,R. Rafikov,http://dbpedia.org/resource/Rushan_Rafikov
v10_1842_0,0,90,R. Ndur,http://dbpedia.org/resource/Rumun_Ndur
v10_1842_0,0,91,R. Chartier,http://dbpedia.org/resource/Rourke_Chartier
v10_1842_0,0,92,R. Olesz,http://dbpedia.org/resource/Rostislav_Olesz
v10_1842_0,0,93,R. Klesla,http://dbpedia.org/resource/Rostislav_Klesla
v10_1842_0,0,94,R. Lupaschuk,http://dbpedia.org/resource/Ross_Lupaschuk
v10_1842_0,0,95,R. Hintz,http://dbpedia.org/resource/Roope_Hintz
v10_1842_0,0,96,R. Petrovický,http://dbpedia.org/resource/Róbert_Petrovický
v10_1842_0,0,97,R. Shudra,http://dbpedia.org/resource/Ron_Shudra
v10_1842_0,0,98,R. Hainsey,http://dbpedia.org/resource/Ron_Hainsey
v10_1842_0,0,99,R. Wick,http://dbpedia.org/resource/Roman_Wick
v10_1842_0,0,100,R. Voloshenko,http://dbpedia.org/resource/Roman_Voloshenko
v10_1842_0,0,101,R. Pšurný,http://dbpedia.org/resource/Roman_Pšurný
v10_1842_0,0,102,R. Polák,http://dbpedia.org/resource/Roman_Polák
v10_1842_0,0,103,R. Pšurný,http://dbpedia.org/resource/Roman_Pšurný
v10_1842_0,0,104,R. Málek,http://de.dbpedia.org/resource/Marian_Málek
v10_1842_0,0,105,R. Kukumberg,http://dbpedia.org/resource/Roman_Kukumberg
v10_1842_0,0,106,R. Kukhtinov,http://dbpedia.org/resource/Roman_Kukhtinov
v10_1842_0,0,107,R. Josi,http://dbpedia.org/resource/Roman_Josi
v10_1842_0,0,108,R. Horák,"http://dbpedia.org/resource/Roman_Horák_(ice_hockey,_born_1991)"
v10_1842_0,0,109,R. Derlyuk,http://dbpedia.org/resource/Roman_Derlyuk
v10_1842_0,0,110,R. McKeown,http://dbpedia.org/resource/Roland_McKeown
v10_1842_0,0,111,R. Ābols,http://dbpedia.org/resource/Rodrigo_Ābols
v10_1842_0,0,112,R. Sarich,http://dbpedia.org/resource/Rod_Sarich
v10_1842_0,0,113,R. Grimaldi,http://dbpedia.org/resource/Rocco_Grimaldi
