v10_911_1,1,1,East Central University,http://dbpedia.org/resource/East_Central_University
v10_911_1,1,2,Regis University,http://dbpedia.org/resource/Regis_University
v10_911_1,1,3,École Polytechnique,http://dbpedia.org/resource/ETH_Zurich
v10_911_1,1,4,Harvard University,http://dbpedia.org/resource/Harvard_University
v10_911_1,1,5,Mississippi State University,http://dbpedia.org/resource/University_of_Mississippi
v10_911_1,1,6,École nationale d'administration,http://dbpedia.org/resource/École_nationale_d'administration
v10_911_1,1,7,Bolton High School,http://dbpedia.org/resource/Bolton_High_School_(Louisiana)
v10_911_1,1,8,Panthéon-Assas University,http://dbpedia.org/resource/University_of_Paris_II_Panthéon-Assas
v10_911_1,1,9,Charles University in Prague,http://dbpedia.org/resource/Charles_University
v10_911_1,1,10,ISG Business School,http://dbpedia.org/resource/ISG_Business_School
v10_911_1,1,11,Plekhanov Russian University of Economics,http://dbpedia.org/resource/Plekhanov_Russian_University_of_Economics
v10_911_1,1,12,University of the Philippines,http://dbpedia.org/resource/Ateneo_de_Manila_University
v10_911_1,1,13,Maria Curie-Skłodowska University,http://dbpedia.org/resource/Marie_Curie
v10_911_1,1,14,Academy of Performing Arts in Bratislava,http://dbpedia.org/resource/Academy_of_Performing_Arts_in_Bratislava
v10_911_1,1,15,Sevastopol National Technical University,http://dbpedia.org/resource/National_Technical_University_of_Athens
v10_911_1,1,16,Bryant and Stratton College,http://dbpedia.org/resource/Bryant_&_Stratton_College
v10_911_1,1,17,Southern University,"http://dbpedia.org/resource/University_of_California,_Los_Angeles"
