v10_470_0,0,1,Eleutherodactylus pallidus,http://dbpedia.org/resource/Eleutherodactylus_pallidus
v10_470_0,0,2,Eleutherodactylus nivicolimae,http://dbpedia.org/resource/Eleutherodactylus_nivicolimae
v10_470_0,0,3,Eleutherodactylus nitidus,http://dbpedia.org/resource/Eleutherodactylus_nitidus
v10_470_0,0,4,Eleutherodactylus modestus,http://dbpedia.org/resource/Eleutherodactylus_modestus
v10_470_0,0,5,Eleutherodactylus martinicensis,http://dbpedia.org/resource/Eleutherodactylus_martinicensis
v10_470_0,0,6,Eleutherodactylus longipes,http://dbpedia.org/resource/Eleutherodactylus_longipes
v10_470_0,0,7,Eleutherodactylus leprus,http://dbpedia.org/resource/Eleutherodactylus_leprus
v10_470_0,0,8,Eleutherodactylus interorbitalis,http://dbpedia.org/resource/Eleutherodactylus_interorbitalis
v10_470_0,0,9,Eleutherodactylus dilatus,http://dbpedia.org/resource/Eleutherodactylus_dilatus
v10_470_0,0,10,Eleutherodactylus dennisi,http://dbpedia.org/resource/Eleutherodactylus_dennisi
v10_470_0,0,11,Eleutherodactylus bilineatus,http://dbpedia.org/resource/Eleutherodactylus_bilineatus
v10_470_0,0,12,Eleutherodactylus atkinsi,http://dbpedia.org/resource/Eleutherodactylus_atkinsi
v10_470_0,0,13,Eleutherodactylus angustidigitorum,http://dbpedia.org/resource/Eleutherodactylus_angustidigitorum
v10_470_0,0,14,Elegant frog,http://dbpedia.org/resource/Elegant_frog
v10_470_0,0,15,Elachistocleis surinamensis,http://dbpedia.org/resource/Elachistocleis_surinamensis
v10_470_0,0,16,Elachistocleis piauiensis,http://dbpedia.org/resource/Elachistocleis_piauiensis
v10_470_0,0,17,Elachistocleis erythrogaster,http://dbpedia.org/resource/Elachistocleis_erythrogaster
v10_470_0,0,18,El Pepino tree frog,http://dbpedia.org/resource/El_Pepino_tree_frog
v10_470_0,0,19,El Cusuco salamander,http://dbpedia.org/resource/El_Cusuco_salamander
v10_470_0,0,20,El Copé giant salamander,http://dbpedia.org/resource/El_Copé_giant_salamander
v10_470_0,0,21,Efogi tree frog,http://dbpedia.org/resource/Efogi_tree_frog
v10_470_0,0,22,Edible frog,http://dbpedia.org/resource/Edible_frog
v10_470_0,0,23,Ecuadorian climbing salamander,http://dbpedia.org/resource/Ecuadorian_climbing_salamander
v10_470_0,0,24,Ecuador slender-legged tree frog,http://dbpedia.org/resource/Ecuador_slender-legged_tree_frog
v10_470_0,0,25,Ecuador poison frog,http://dbpedia.org/resource/Ecuador_poison_frog
v10_470_0,0,26,Ecnomiohyla salvaje,http://dbpedia.org/resource/Ecnomiohyla_salvaje
v10_470_0,0,27,Ecnomiohyla phantasmagoria,http://dbpedia.org/resource/Ecnomiohyla_phantasmagoria
v10_470_0,0,28,Ecnomiohyla minera,http://dbpedia.org/resource/Ecnomiohyla_minera
v10_470_0,0,29,Ecnomiohyla fimbrimembra,http://dbpedia.org/resource/Ecnomiohyla_fimbrimembra
v10_470_0,0,30,Eastern smooth frog,http://dbpedia.org/resource/Eastern_smooth_frog
v10_470_0,0,31,Eastern sign-bearing froglet,http://dbpedia.org/resource/Eastern_sign-bearing_froglet
v10_470_0,0,32,Eastern newt,http://dbpedia.org/resource/Eastern_newt
v10_470_0,0,33,Eastern mountains tree frog,http://dbpedia.org/resource/Eastern_mountains_tree_frog
v10_470_0,0,34,Eastern leopard toad,http://dbpedia.org/resource/Eastern_leopard_toad
v10_470_0,0,35,Eastern golden frog,http://dbpedia.org/resource/Eastern_golden_frog
v10_470_0,0,36,Eastern dwarf tree frog,http://dbpedia.org/resource/Northern_dwarf_tree_frog
v10_470_0,0,37,Eastern Peru caecilian,http://dbpedia.org/resource/Eastern_Peru_caecilian
v10_470_0,0,38,Dyscophus insularis,http://dbpedia.org/resource/Dyscophus_insularis
v10_470_0,0,39,Dyscophus guineti,http://dbpedia.org/resource/Dyscophus_guineti
v10_470_0,0,40,Dyscophus antongilii,http://dbpedia.org/resource/Dyscophus_antongilii
v10_470_0,0,41,Dyeing dart frog,http://dbpedia.org/resource/Dyeing_dart_frog
v10_470_0,0,42,Dybowski's frog,http://dbpedia.org/resource/Dybowski's_frog
v10_470_0,0,43,Dwarf waterdog,http://dbpedia.org/resource/Dwarf_waterdog
v10_470_0,0,44,Dwarf salamander,http://dbpedia.org/resource/Dwarf_salamander
v10_470_0,0,45,Dwarf rocket frog,http://dbpedia.org/resource/Dwarf_rocket_frog
v10_470_0,0,46,Dwarf climbing salamander,http://dbpedia.org/resource/Dwarf_climbing_salamander
v10_470_0,0,47,Dwarf black-bellied salamander,http://dbpedia.org/resource/Dwarf_black-bellied_salamander
v10_470_0,0,48,Dwarf Mexican tree frog,http://dbpedia.org/resource/Dwarf_Mexican_tree_frog
v10_470_0,0,49,Duttaphrynus melanostictus,http://dbpedia.org/resource/Duttaphrynus_melanostictus
v10_470_0,0,50,Duttaphrynus kotagamai,http://dbpedia.org/resource/Duttaphrynus_kotagamai
v10_470_0,0,51,Dusky toadlet,http://dbpedia.org/resource/Dusky_toadlet
v10_470_0,0,52,Durango salamander,http://dbpedia.org/resource/Durango_salamander
v10_470_0,0,53,Dunn's climbing salamander,http://dbpedia.org/resource/Dunn's_climbing_salamander
v10_470_0,0,54,Douglas' toad,http://dbpedia.org/resource/Douglas'_toad
v10_470_0,0,55,Doris' lime tree frog,http://dbpedia.org/resource/Sphaenorhynchus_dorisae
v10_470_0,0,56,Doi Suthep caecilian,http://dbpedia.org/resource/Doi_Suthep_caecilian
v10_470_0,0,57,Doflein's salamander,http://dbpedia.org/resource/Doflein's_salamander
v10_470_0,0,58,Didynamipus sjostedti,http://dbpedia.org/resource/Four-digit_toad
v10_470_0,0,59,Dhofar toad,http://dbpedia.org/resource/Dhofar_toad
v10_470_0,0,60,Desert tree frog,http://dbpedia.org/resource/Desert_tree_frog
v10_470_0,0,61,Desert spadefoot toad,http://dbpedia.org/resource/Desert_spadefoot_toad
v10_470_0,0,62,Desert froglet,http://dbpedia.org/resource/Desert_froglet
v10_470_0,0,63,Dermophis parviceps,http://dbpedia.org/resource/Dermophis_parviceps
v10_470_0,0,64,Dermophis occidentalis,http://dbpedia.org/resource/Dermophis_occidentalis
v10_470_0,0,65,Dermophis oaxacae,http://dbpedia.org/resource/Dermophis_oaxacae
v10_470_0,0,66,Dermophis gracilior,http://dbpedia.org/resource/Dermophis_gracilior
v10_470_0,0,67,Dermophis costaricense,http://dbpedia.org/resource/Dermophis_costaricense
v10_470_0,0,68,Derby toadlet,http://dbpedia.org/resource/Derby_toadlet
v10_470_0,0,69,Dendy's toadlet,http://dbpedia.org/resource/Dendy's_toadlet
v10_470_0,0,70,Dendrotriton sanctibarbarus,http://dbpedia.org/resource/Dendrotriton_sanctibarbarus
v10_470_0,0,71,Dendrotriton cuchumatanus,http://dbpedia.org/resource/Dendrotriton_cuchumatanus
v10_470_0,0,72,Dendrotriton bromeliacius,http://dbpedia.org/resource/Dendrotriton_bromeliacius
v10_470_0,0,73,Dendropsophus yaracuyanus,http://dbpedia.org/resource/Dendropsophus_yaracuyanus
v10_470_0,0,74,Dendropsophus xapuriensis,http://dbpedia.org/resource/Dendropsophus_xapuriensis
v10_470_0,0,75,Dendropsophus werneri,http://dbpedia.org/resource/Dendropsophus_werneri
v10_470_0,0,76,Dendropsophus walfordi,http://dbpedia.org/resource/Dendropsophus_walfordi
v10_470_0,0,77,Dendropsophus virolinensis,http://dbpedia.org/resource/Dendropsophus_virolinensis
v10_470_0,0,78,Dendropsophus tritaeniatus,http://dbpedia.org/resource/Dendropsophus_tritaeniatus
v10_470_0,0,79,Dendropsophus studerae,http://dbpedia.org/resource/Dendropsophus_studerae
v10_470_0,0,80,Dendropsophus stingi,http://dbpedia.org/resource/Dendropsophus_stingi
v10_470_0,0,81,Dendropsophus soaresi,http://dbpedia.org/resource/Dendropsophus_soaresi
v10_470_0,0,82,Dendropsophus seniculus,http://dbpedia.org/resource/Dendropsophus_seniculus
v10_470_0,0,83,Dendropsophus schubarti,http://dbpedia.org/resource/Dendropsophus_schubarti
v10_470_0,0,84,Dendropsophus sanborni,http://dbpedia.org/resource/Dendropsophus_sanborni
v10_470_0,0,85,Dendropsophus ruschii,http://dbpedia.org/resource/Dendropsophus_ruschii
v10_470_0,0,86,Dendropsophus rossalleni,http://dbpedia.org/resource/Dendropsophus_rossalleni
v10_470_0,0,87,Dendropsophus robertmertensi,http://dbpedia.org/resource/Dendropsophus_robertmertensi
v10_470_0,0,88,Dendropsophus rhea,http://dbpedia.org/resource/Dendropsophus_rhea
v10_470_0,0,89,Dendropsophus praestans,http://dbpedia.org/resource/Dendropsophus_praestans
v10_470_0,0,90,Dendropsophus pelidna,http://dbpedia.org/resource/Dendropsophus_pelidna
v10_470_0,0,91,Dendropsophus pauiniensis,http://dbpedia.org/resource/Dendropsophus_pauiniensis
v10_470_0,0,92,Dendropsophus oliveirai,http://dbpedia.org/resource/Dendropsophus_oliveirai
v10_470_0,0,93,Dendropsophus novaisi,http://dbpedia.org/resource/Dendropsophus_novaisi
v10_470_0,0,94,Dendropsophus nahdereri,http://dbpedia.org/resource/Dendropsophus_nahdereri
v10_470_0,0,95,Dendropsophus miyatai,http://dbpedia.org/resource/Dendropsophus_miyatai
v10_470_0,0,96,Dendropsophus minutus,http://dbpedia.org/resource/Dendropsophus_minutus
v10_470_0,0,97,Dendropsophus minusculus,http://dbpedia.org/resource/Dendropsophus_minusculus
v10_470_0,0,98,Dendropsophus minimus,http://dbpedia.org/resource/Dendropsophus_minimus
v10_470_0,0,99,Dendropsophus microps,http://dbpedia.org/resource/Dendropsophus_microps
v10_470_0,0,100,Dendropsophus meridianus,http://dbpedia.org/resource/Dendropsophus_meridianus
v10_470_0,0,101,Dendropsophus meridensis,http://dbpedia.org/resource/Dendropsophus_meridensis
v10_470_0,0,102,Dendropsophus melanargyreus,http://dbpedia.org/resource/Dendropsophus_melanargyreus
v10_470_0,0,103,Dendropsophus mathiassoni,http://dbpedia.org/resource/Dendropsophus_mathiassoni
v10_470_0,0,104,Dendropsophus marmoratus,http://dbpedia.org/resource/Dendropsophus_marmoratus
v10_470_0,0,105,Dendropsophus luteoocellatus,http://dbpedia.org/resource/Dendropsophus_luteoocellatus
v10_470_0,0,106,Dendropsophus limai,http://dbpedia.org/resource/Dendropsophus_limai
v10_470_0,0,107,Dendropsophus leali,http://dbpedia.org/resource/Dendropsophus_leali
v10_470_0,0,108,Dendropsophus labialis,http://dbpedia.org/resource/Dendropsophus_labialis
v10_470_0,0,109,Dendropsophus koechlini,http://dbpedia.org/resource/Dendropsophus_koechlini
v10_470_0,0,110,Dendropsophus jimi,http://dbpedia.org/resource/Dendropsophus_jimi
v10_470_0,0,111,Dendropsophus haraldschultzi,http://dbpedia.org/resource/Dendropsophus_haraldschultzi
v10_470_0,0,112,Dendropsophus haddadi,http://dbpedia.org/resource/Dendropsophus_haddadi
v10_470_0,0,113,Dendropsophus gryllatus,http://dbpedia.org/resource/Dendropsophus_gryllatus
v10_470_0,0,114,Dendropsophus giesleri,http://dbpedia.org/resource/Dendropsophus_giesleri
v10_470_0,0,115,Dendropsophus garagoensis,http://dbpedia.org/resource/Dendropsophus_garagoensis
v10_470_0,0,116,Dendropsophus elianeae,http://dbpedia.org/resource/Dendropsophus_elianeae
v10_470_0,0,117,Dendropsophus elegans,http://dbpedia.org/resource/Dendropsophus_elegans
v10_470_0,0,118,Dendropsophus ebraccatus,http://dbpedia.org/resource/Dendropsophus_ebraccatus
v10_470_0,0,119,Dendropsophus dutrai,http://dbpedia.org/resource/Dendropsophus_dutrai
v10_470_0,0,120,Dendropsophus delarivai,http://dbpedia.org/resource/Dendropsophus_delarivai
v10_470_0,0,121,Dendropsophus decipiens,http://dbpedia.org/resource/Dendropsophus_decipiens
