v10_1152_1,1,1,Kevin Corcoran,http://dbpedia.org/resource/Kevin_Corcoran
v10_1152_1,1,2,Bryan Spears,http://dbpedia.org/resource/Bryan_Spears
v10_1152_1,1,3,Cookie Jar Group,http://dbpedia.org/resource/Cookie_Jar_Group
v10_1152_1,1,4,Prem Krishen,http://dbpedia.org/resource/Prem_Krishen
v10_1152_1,1,5,Momina Duraid,http://dbpedia.org/resource/Momina_Duraid
v10_1152_1,1,6,Momina Duraid,http://dbpedia.org/resource/Momina_Duraid
v10_1152_1,1,7,Ken Topolsky,http://dbpedia.org/resource/Ken_Topolsky
v10_1152_1,1,8,Neil Buchanan,http://dbpedia.org/resource/Neil_Buchanan
v10_1152_1,1,9,Amy Wong,http://dbpedia.org/resource/Amy_Wong
v10_1152_1,1,10,Max Liebman,http://dbpedia.org/resource/Dave_Liebman
v10_1152_1,1,11,Peter Schreck,http://dbpedia.org/resource/Gustav_Schreck
v10_1152_1,1,12,David Croft,http://dbpedia.org/resource/David_Croft_(TV_producer)
v10_1152_1,1,13,Geoffrey Darby,http://dbpedia.org/resource/Geoffrey_Keen
v10_1152_1,1,14,Susie Liggat,http://dbpedia.org/resource/Susie_Bright
v10_1152_1,1,15,GMA Network,http://dbpedia.org/resource/GMA_Network_(company)
v10_1152_1,1,16,Lau Kar Ho,http://dbpedia.org/resource/Lau_Ka-ho
v10_1152_1,1,17,Ranald Graham,http://dbpedia.org/resource/Ranald_Graham
v10_1152_1,1,18,Ekta Kapoor,http://dbpedia.org/resource/Ekta_Kapoor
v10_1152_1,1,19,Ekta Kapoor,http://dbpedia.org/resource/Ekta_Kapoor
v10_1152_1,1,20,Kavita K. Barjatya,http://dbpedia.org/resource/Kavita_Krishnamurthy
v10_1152_1,1,21,GMA Network,http://dbpedia.org/resource/GMA_Network_(company)
v10_1152_1,1,22,Christy Hui,http://dbpedia.org/resource/Christy_Moore
v10_1152_1,1,23,PFFR,http://dbpedia.org/resource/PFFR
v10_1152_1,1,24,FremantleMedia,http://dbpedia.org/resource/Fremantle_(company)
v10_1152_1,1,25,ITV Wales & West,http://dbpedia.org/resource/ITV_Wales_&_West
v10_1152_1,1,26,Lawrence Konner,http://dbpedia.org/resource/Lawrence_Konner
v10_1152_1,1,27,Mark Wilding,http://dbpedia.org/resource/Mark_Wilding
v10_1152_1,1,28,Gil Junger,http://dbpedia.org/resource/Gil_Junger
v10_1152_1,1,29,David Cobham,http://dbpedia.org/resource/David_Cobham
v10_1152_1,1,30,Frank Woodley,http://dbpedia.org/resource/Frank_Woodley
v10_1152_1,1,31,Peter Eckersley,http://dbpedia.org/resource/Dennis_Eckersley
v10_1152_1,1,32,James Steven Sadwith,http://dbpedia.org/resource/James_Steven_Sadwith
v10_1152_1,1,33,Sid and Marty Krofft,http://dbpedia.org/resource/Sid_and_Marty_Krofft
v10_1152_1,1,34,Stan Rogow,http://dbpedia.org/resource/Stan_Rogow
v10_1152_1,1,35,Kavita K. Barjatya,http://dbpedia.org/resource/Kavita_Krishnamurthy
v10_1152_1,1,36,Brian Minchin,http://dbpedia.org/resource/Tim_Minchin
v10_1152_1,1,37,Chuck Patton,http://dbpedia.org/resource/Chuck_Patton
v10_1152_1,1,38,Stephen J. Cannell,http://dbpedia.org/resource/Stephen_J._Cannell
v10_1152_1,1,39,KCET,http://dbpedia.org/resource/Konami
v10_1152_1,1,40,Buck Houghton,http://dbpedia.org/resource/Katharine_Houghton
v10_1152_1,1,41,Lee Hyung-min,http://dbpedia.org/resource/Lee_Hyung-taik
v10_1152_1,1,42,Rebecca Gibney,http://dbpedia.org/resource/Rebecca_Gibney
v10_1152_1,1,43,John Byrum,http://dbpedia.org/resource/John_Byrum
v10_1152_1,1,44,Peter Cregeen,http://dbpedia.org/resource/Peter_Cregeen
v10_1152_1,1,45,Robert Young,http://dbpedia.org/resource/Robert_Young_(actor)
v10_1152_1,1,46,Michael Viner,http://dbpedia.org/resource/Michael_Viner
v10_1152_1,1,47,William Spier,http://dbpedia.org/resource/William_Spier
v10_1152_1,1,48,John Cary,http://dbpedia.org/resource/Joyce_Cary
v10_1152_1,1,49,Paul Field,"http://dbpedia.org/resource/Paul_Methuen,_3rd_Baron_Methuen"
v10_1152_1,1,50,Russell T Davies,http://dbpedia.org/resource/Russell_T_Davies
v10_1152_1,1,51,Humphrey Barclay,http://dbpedia.org/resource/Stephen_Barclay
v10_1152_1,1,52,Whoopi Goldberg,http://dbpedia.org/resource/Whoopi_Goldberg
v10_1152_1,1,53,Charlie Hanson,http://dbpedia.org/resource/Charles_Manson
v10_1152_1,1,54,Matt Bomer,http://dbpedia.org/resource/Matt_Bomer
v10_1152_1,1,55,Mui Siu-ching,http://dbpedia.org/resource/Mui_Siu-ching
v10_1152_1,1,56,Jonathan Meath,http://dbpedia.org/resource/Jonathan_Meath
v10_1152_1,1,57,Doug E. Doug,http://dbpedia.org/resource/Doug_E._Doug
v10_1152_1,1,58,Paul Henning,http://dbpedia.org/resource/Paul_Henning
v10_1152_1,1,59,Kori Rae,http://dbpedia.org/resource/Kori_Rae
v10_1152_1,1,60,Mel Brooks,http://dbpedia.org/resource/Mel_Brooks
v10_1152_1,1,61,Lau Kar Ho,http://dbpedia.org/resource/Lau_Ka-ho
v10_1152_1,1,62,Jonathan Chik,http://dbpedia.org/resource/Jonathan_Chik
v10_1152_1,1,63,Bernard Thompson,http://dbpedia.org/resource/Bernard_Thompson
v10_1152_1,1,64,Wendy Blair,http://dbpedia.org/resource/Wendy_Quirk
v10_1152_1,1,65,Susan Ma,http://dbpedia.org/resource/Susie_Ma
v10_1152_1,1,66,Shine Limited,http://dbpedia.org/resource/Johnny_Shines
v10_1152_1,1,67,Mark Goodson,http://dbpedia.org/resource/Mark_Goodson
v10_1152_1,1,68,Kim Weiskopf,http://dbpedia.org/resource/Kim_Weiskopf
v10_1152_1,1,69,George Burns,http://dbpedia.org/resource/George_Burns
v10_1152_1,1,70,Matt Fleckenstein,http://dbpedia.org/resource/Matt_Fleckenstein
v10_1152_1,1,71,Ed Ferrara,http://dbpedia.org/resource/Ed_Ferrara
v10_1152_1,1,72,Rolin Jones,http://dbpedia.org/resource/Rolin_Jones
v10_1152_1,1,73,Mike Martineau,http://dbpedia.org/resource/Robert_Martineau
v10_1152_1,1,74,April Kelly,http://dbpedia.org/resource/Katie_Kelly_(paratriathlete)
v10_1152_1,1,75,Alan Rafkin,http://dbpedia.org/resource/Alan_Rafkin
v10_1152_1,1,76,Clive Doig,http://dbpedia.org/resource/Lewis_Clive
v10_1152_1,1,77,Hal and Jim McElroy,http://dbpedia.org/resource/Jim_McElroy_(baseball)
v10_1152_1,1,78,ITV Granada,http://dbpedia.org/resource/ITV_Granada
v10_1152_1,1,79,Chong Wai-kin,http://dbpedia.org/resource/Chong_Wai-kin
v10_1152_1,1,80,Nigel Stafford-Clark,http://dbpedia.org/resource/Nigel_Stafford-Clark
v10_1152_1,1,81,Wanda Sykes,http://dbpedia.org/resource/Wanda_Sykes
v10_1152_1,1,82,Andi Peters,http://dbpedia.org/resource/Andi_Peters
v10_1152_1,1,83,Hugh Wilson,http://dbpedia.org/resource/Hugh_Wilson_(director)
v10_1152_1,1,84,Michelle Ashford,http://dbpedia.org/resource/Michelle_Ashford
v10_1152_1,1,85,Lin Bolen,http://dbpedia.org/resource/Lin_Bolen
v10_1152_1,1,86,Brian Degas,http://dbpedia.org/resource/Edgar_Degas
v10_1152_1,1,87,Smriti Zubin Irani,http://dbpedia.org/resource/Smriti_Irani
v10_1152_1,1,88,Ravi Chopra,http://dbpedia.org/resource/Ravi_Chopra
v10_1152_1,1,89,Erin Cressida Wilson,http://dbpedia.org/resource/Erin_Cressida_Wilson
v10_1152_1,1,90,George Miller,http://dbpedia.org/resource/George_Miller_(director)
v10_1152_1,1,91,Jake Farrow,http://dbpedia.org/resource/John_Farrow
v10_1152_1,1,92,David Upshal,http://dbpedia.org/resource/David_G._Freeman
v10_1152_1,1,93,Geoff Posner,http://dbpedia.org/resource/Geoff_Roes
v10_1152_1,1,94,Geoff Posner,http://dbpedia.org/resource/Geoff_Roes
v10_1152_1,1,95,Brian Cosgrove,http://dbpedia.org/resource/Miranda_Cosgrove
v10_1152_1,1,96,Robyn Butler,http://dbpedia.org/resource/Robyn_Butler
v10_1152_1,1,97,Cris Morena,http://dbpedia.org/resource/Cris_Morena
v10_1152_1,1,98,BBC Scotland,http://dbpedia.org/resource/BBC
v10_1152_1,1,99,Aaron Spelling,http://dbpedia.org/resource/Aaron_Spelling
v10_1152_1,1,100,Abhimanyu Singh,http://dbpedia.org/resource/Abhimanyu_Singh
v10_1152_1,1,101,Momina Duraid,http://dbpedia.org/resource/Momina_Duraid
v10_1152_1,1,102,Vic Sotto,http://dbpedia.org/resource/Vic_Sotto
v10_1152_1,1,103,Hal Kanter,http://dbpedia.org/resource/Hal_Kanter
v10_1152_1,1,104,Ekta Kapoor,http://dbpedia.org/resource/Ekta_Kapoor
v10_1152_1,1,105,Chuck Bowman,http://dbpedia.org/resource/Chuck_Bowman
