v10_688_0,0,1,B. Papke,http://dbpedia.org/resource/Billy_Papke
v10_688_0,0,2,B. Miske,http://dbpedia.org/resource/Billy_Miske
v10_688_0,0,3,B. McAllister,http://dbpedia.org/resource/Billy_McAllister
v10_688_0,0,4,B. Maharg,http://dbpedia.org/resource/Billy_Maharg
v10_688_0,0,5,B. Kelly,http://dbpedia.org/resource/Bob_Kelly_(footballer)
v10_688_0,0,6,B. Graham,http://dbpedia.org/resource/Billy_Graham_(boxer)
v10_688_0,0,7,B. Costello,http://dbpedia.org/resource/Billy_Costello
v10_688_0,0,8,B. Conn,http://dbpedia.org/resource/Billy_Conn
v10_688_0,0,9,B. C. Jr.,http://dbpedia.org/resource/Billy_Cannon_Jr.
v10_688_0,0,10,B. Tate,http://dbpedia.org/resource/Bill_Tate_(boxer)
v10_688_0,0,11,B. Richmond,http://dbpedia.org/resource/Bill_Richmond
v10_688_0,0,12,B. Lang,http://dbpedia.org/resource/Bill_Lang
v10_688_0,0,13,B. Ladbury,http://dbpedia.org/resource/Bill_Ladbury
v10_688_0,0,14,B. Farnan,http://dbpedia.org/resource/Bill_Farnan
v10_688_0,0,15,B. Brennan,http://dbpedia.org/resource/Bill_Brennan_(boxer)
v10_688_0,0,16,B. Beynon,http://dbpedia.org/resource/Ben_Beynon
v10_688_0,0,17,B. Ahlin,http://dbpedia.org/resource/Bertil_Ahlin
v10_688_0,0,18,B. Schneider,http://dbpedia.org/resource/Bert_Schneider_(boxer)
v10_688_0,0,19,B. v. Klaveren,http://dbpedia.org/resource/Bep_van_Klaveren
v10_688_0,0,20,B. Paret,http://dbpedia.org/resource/Benny_Paret
v10_688_0,0,21,B. Lynch,http://dbpedia.org/resource/Benny_Lynch
v10_688_0,0,22,B. Leonard,http://dbpedia.org/resource/Benny_Leonard
v10_688_0,0,23,B. Goldberg,http://dbpedia.org/resource/Benny_Goldberg
v10_688_0,0,24,B. Bass,http://dbpedia.org/resource/Bob_Bass
v10_688_0,0,25,B. Briscoe,http://dbpedia.org/resource/Bennie_Briscoe
v10_688_0,0,26,B. Payne,http://dbpedia.org/resource/Bennetto_Payne
v10_688_0,0,27,B. Flores,http://dbpedia.org/resource/Benjamín_Flores
v10_688_0,0,28,B. Brain,http://dbpedia.org/resource/Benjamin_Brain
v10_688_0,0,29,B. Flores,http://dbpedia.org/resource/Benjamín_Flores
v10_688_0,0,30,B. Jordan,http://dbpedia.org/resource/Ben_Jordan_(boxer)
v10_688_0,0,31,B. Jeby,http://dbpedia.org/resource/Ben_Jeby
v10_688_0,0,32,B. Foord,http://dbpedia.org/resource/Ben_Foord
v10_688_0,0,33,B. Caunt,http://dbpedia.org/resource/Ben_Caunt
v10_688_0,0,34,B. Bril,http://dbpedia.org/resource/Ben_Bril
v10_688_0,0,35,B. Sattarkhanov,http://dbpedia.org/resource/Bekzat_Sattarkhanov
v10_688_0,0,36,B. Jack,http://dbpedia.org/resource/Beau_Jack
v10_688_0,0,37,B. Siki,http://dbpedia.org/resource/Battling_Siki
v10_688_0,0,38,B. Shaw,http://dbpedia.org/resource/Bob_Shaw_(American_football)
v10_688_0,0,39,B. Nelson,http://dbpedia.org/resource/Battling_Nelson
v10_688_0,0,40,B. Levinsky,http://dbpedia.org/resource/Battling_Levinsky
v10_688_0,0,41,B. Brown,http://fr.dbpedia.org/resource/Brandon_Brown
v10_688_0,0,42,B. Ross,http://dbpedia.org/resource/Barney_Ross
v10_688_0,0,43,B. J. Walcott,http://dbpedia.org/resource/Barbados_Joe_Walcott
v10_688_0,0,44,B. J. Blake,http://dbpedia.org/resource/Bandsman_Jack_Blake
v10_688_0,0,45,B. Ki-suk,http://dbpedia.org/resource/Bae_Ki-suk
v10_688_0,0,46,B. Arizmendi,http://dbpedia.org/resource/Baby_Arizmendi
v10_688_0,0,47,A. Toma,http://dbpedia.org/resource/Aurel_Toma
v10_688_0,0,48,A. Rodríguez,http://dbpedia.org/resource/Aurelio_Rodríguez
v10_688_0,0,49,A. Godoy,http://dbpedia.org/resource/Arturo_Godoy
v10_688_0,0,50,A. Gatti,http://dbpedia.org/resource/Arturo_Gatti
v10_688_0,0,51,A. Olech,http://dbpedia.org/resource/Artur_Olech
v10_688_0,0,52,A. Levine,http://dbpedia.org/resource/Artie_Levine
v10_688_0,0,53,A. Pelkey,http://dbpedia.org/resource/Arthur_Pelkey
v10_688_0,0,54,A. M. Sr.,http://dbpedia.org/resource/Arthur_Mercante_Sr.
v10_688_0,0,55,A. King,http://dbpedia.org/resource/Anthony_King_(basketball)
v10_688_0,0,56,A. Chambers,http://dbpedia.org/resource/Arthur_Chambers
v10_688_0,0,57,A. Oliver,http://dbpedia.org/resource/Art_Oliver
v10_688_0,0,58,A. Lasky,http://dbpedia.org/resource/Art_Lasky
v10_688_0,0,59,A. Aragon,http://dbpedia.org/resource/Art_Aragon
v10_688_0,0,60,A. Taylor,http://dbpedia.org/resource/Angelo_Taylor
