v10_1845_0,0,1,M. Wahl,http://dbpedia.org/resource/Mitch_Wahl
v10_1845_0,0,2,M. Fadden,http://fr.dbpedia.org/resource/Mitch_Fadden
v10_1845_0,0,3,M. Callahan,http://dbpedia.org/resource/Mitch_Callahan
v10_1845_0,0,4,M. Zálešák,http://dbpedia.org/resource/Miroslav_Zálešák
v10_1845_0,0,5,M. Svoboda,http://dbpedia.org/resource/Miroslav_Svoboda_(ice_hockey)
v10_1845_0,0,6,M. Kopřiva,http://dbpedia.org/resource/Miroslav_Kopřiva
v10_1845_0,0,7,M. Hanuljak,http://dbpedia.org/resource/Miroslav_Hanuljak
v10_1845_0,0,8,M. Durak,http://dbpedia.org/resource/Miroslav_Durak
v10_1845_0,0,9,M. Karjalainen,http://dbpedia.org/resource/Miro_Karjalainen
v10_1845_0,0,10,M. Aaltonen,http://dbpedia.org/resource/Juhamatti_Aaltonen
v10_1845_0,0,11,M. Murovic,http://dbpedia.org/resource/Mirko_Murovic
v10_1845_0,0,12,M. Höfflin,http://dbpedia.org/resource/Mirko_Höfflin
v10_1845_0,0,13,M. Müller,http://dbpedia.org/resource/Mirco_Müller
v10_1845_0,0,14,M. Wood,http://dbpedia.org/resource/Mike_Wood_(American_football)
v10_1845_0,0,15,M. Michálek,http://dbpedia.org/resource/Milan_Michálek
v10_1845_0,0,16,M. Lucic,http://dbpedia.org/resource/Milan_Lucic
v10_1845_0,0,17,M. Kytnár,http://dbpedia.org/resource/Milan_Kytnár
v10_1845_0,0,18,M. Hnilička,http://dbpedia.org/resource/Milan_Hnilička
v10_1845_0,0,19,M. Gajic,
v10_1845_0,0,20,M. Bartovič,http://dbpedia.org/resource/Milan_Bartovič
v10_1845_0,0,21,M. Rantanen,http://dbpedia.org/resource/Mikko_Rantanen
v10_1845_0,0,22,M. Luoma,http://dbpedia.org/resource/Mikko_Luoma
v10_1845_0,0,23,M. Lehtonen,"http://dbpedia.org/resource/Mikko_Lehtonen_(ice_hockey,_born_1978)"
v10_1845_0,0,24,M. Lehtonen,"http://dbpedia.org/resource/Mikko_Lehtonen_(ice_hockey,_born_1978)"
v10_1845_0,0,25,M. Koskinen,http://dbpedia.org/resource/Mikko_Koskinen
v10_1845_0,0,26,M. Koivu,http://dbpedia.org/resource/Mikko_Koivu
v10_1845_0,0,27,M. Kalteva,http://dbpedia.org/resource/Mikko_Kalteva
v10_1845_0,0,28,M. Jokela,http://dbpedia.org/resource/Mikko_Jokela
v10_1845_0,0,29,M. Eloranta,http://dbpedia.org/resource/Mikko_Eloranta
v10_1845_0,0,30,M. Bødker,http://dbpedia.org/resource/Mikkel_Bødker
v10_1845_0,0,31,M. Zhukov,http://dbpedia.org/resource/Mikhail_Zhukov_(ice_hockey)
v10_1845_0,0,32,M. Yunkov,http://dbpedia.org/resource/Mikhail_Yunkov
v10_1845_0,0,33,M. Vorobyev,http://dbpedia.org/resource/Mikhail_Vorobyev_(ice_hockey)
v10_1845_0,0,34,M. Sergachev,http://dbpedia.org/resource/Mikhail_Sergachev
v10_1845_0,0,35,M. Pashnin,http://dbpedia.org/resource/Mikhail_Pashnin
v10_1845_0,0,36,M. Grigorenko,http://dbpedia.org/resource/Mikhail_Grigorenko
v10_1845_0,0,37,M. Grabovski,http://dbpedia.org/resource/Mikhail_Grabovski
v10_1845_0,0,38,M. Stuart,http://dbpedia.org/resource/Mark_Stuart_(ice_hockey)
v10_1845_0,0,39,M. Smith,"http://dbpedia.org/resource/Michael_Smith_(footballer,_born_1988)"
v10_1845_0,0,40,M. Ribeiro,http://dbpedia.org/resource/Mike_Ribeiro
v10_1845_0,0,41,M. Reilly,http://dbpedia.org/resource/Mike_Reilly_(ice_hockey)
v10_1845_0,0,42,M. Morris,http://dbpedia.org/resource/Marcus_Morris_Sr.
v10_1845_0,0,43,M. McKenna,http://dbpedia.org/resource/Mike_McKenna_(ice_hockey)
v10_1845_0,0,44,M. Matheson,http://dbpedia.org/resource/Mike_Matheson
v10_1845_0,0,45,M. Lundin,http://dbpedia.org/resource/Mike_Lundin
v10_1845_0,0,46,M. Lankshear,
v10_1845_0,0,47,M. Hoffman,"http://dbpedia.org/resource/Mike_Hoffman_(ice_hockey,_born_1989)"
v10_1845_0,0,48,M. Hoeffel,http://dbpedia.org/resource/Mike_Hoeffel
v10_1845_0,0,49,M. Green,"http://dbpedia.org/resource/Mike_Green_(ice_hockey,_born_1979)"
v10_1845_0,0,50,M. Fountain,http://dbpedia.org/resource/Mike_Fountain
v10_1845_0,0,51,M. Fisher,http://dbpedia.org/resource/Mike_Fisher_(ice_hockey)
v10_1845_0,0,52,M. Egener,http://dbpedia.org/resource/Mike_Egener
v10_1845_0,0,53,M. Danton,http://dbpedia.org/resource/Mike_Danton
v10_1845_0,0,54,M. Card,http://dbpedia.org/resource/Mike_Card
v10_1845_0,0,55,M. Blunden,http://dbpedia.org/resource/Mike_Blunden
v10_1845_0,0,56,M. Wikstrand,http://dbpedia.org/resource/Mikael_Wikstrand
v10_1845_0,0,57,M. Tellqvist,http://dbpedia.org/resource/Mikael_Tellqvist
v10_1845_0,0,58,M. Johansson,"http://dbpedia.org/resource/Marcus_Johansson_(ice_hockey,_born_1990)"
v10_1845_0,0,59,M. Granlund,http://dbpedia.org/resource/Mikael_Granlund
v10_1845_0,0,60,M. Backlund,http://dbpedia.org/resource/Mikael_Backlund
v10_1845_0,0,61,M. Zibanejad,http://dbpedia.org/resource/Mika_Zibanejad
v10_1845_0,0,62,M. Strömberg,http://dbpedia.org/resource/Mika_Strömberg
v10_1845_0,0,63,M. Noronen,http://dbpedia.org/resource/Mika_Noronen
v10_1845_0,0,64,M. Hannula,http://dbpedia.org/resource/Mika_Hannula
v10_1845_0,0,65,M. Alatalo,http://dbpedia.org/resource/Mika_Alatalo
v10_1845_0,0,66,M. Tuomainen,http://dbpedia.org/resource/Marko_Tuomainen
v10_1845_0,0,67,M. Salomäki,http://dbpedia.org/resource/Miikka_Salomäki
v10_1845_0,0,68,M. DuPont,http://dbpedia.org/resource/Micki_DuPont
v10_1845_0,0,69,M. Périard,http://dbpedia.org/resource/Michel_Périard
v10_1845_0,0,70,M. Ouellet,http://dbpedia.org/resource/Michel_Ouellet
v10_1845_0,0,71,M. Ferland,http://dbpedia.org/resource/Jonathan_Ferland
v10_1845_0,0,72,M. Bournival,http://dbpedia.org/resource/Michaël_Bournival
v10_1845_0,0,73,M. Řepík,http://dbpedia.org/resource/Michal_Řepík
v10_1845_0,0,74,M. Vondrka,http://dbpedia.org/resource/Michal_Vondrka
v10_1845_0,0,75,M. Valent,http://dbpedia.org/resource/Michal_Valent
v10_1845_0,0,76,M. Trávníček,http://dbpedia.org/resource/Michal_Trávníček
v10_1845_0,0,77,M. Sersen,http://dbpedia.org/resource/Michal_Sersen
v10_1845_0,0,78,M. Rozsíval,http://dbpedia.org/resource/Michal_Rozsíval
v10_1845_0,0,79,M. Neuvirth,http://dbpedia.org/resource/Michal_Neuvirth
v10_1845_0,0,80,M. Macho,http://dbpedia.org/resource/Michal_Macho
v10_1845_0,0,81,M. Handzuš,http://dbpedia.org/resource/Michal_Handzuš
v10_1845_0,0,82,M. Broš,http://dbpedia.org/resource/Michal_Broš
v10_1845_0,0,83,M. Birner,http://dbpedia.org/resource/Michal_Birner
v10_1845_0,0,84,M. Barinka,http://dbpedia.org/resource/Michal_Barinka
v10_1845_0,0,85,M. Řepík,http://dbpedia.org/resource/Michal_Řepík
v10_1845_0,0,86,M. Špaček,http://dbpedia.org/resource/Jaroslav_Špaček
v10_1845_0,0,87,M. Vernace,http://dbpedia.org/resource/Michael_Vernace
v10_1845_0,0,88,M. Stone,http://dbpedia.org/resource/Mark_Stone_(ice_hockey)
v10_1845_0,0,89,M. Souza,http://dbpedia.org/resource/Michael_Souza
v10_1845_0,0,90,M. Pelech,http://dbpedia.org/resource/Matt_Pelech
v10_1845_0,0,91,M. Paliotta,http://dbpedia.org/resource/Michael_Paliotta
v10_1845_0,0,92,M. Mersch,http://dbpedia.org/resource/Michael_Mersch
v10_1845_0,0,93,M. McLeod,http://dbpedia.org/resource/Michael_McLeod_(ice_hockey)
v10_1845_0,0,94,M. McCarron,http://dbpedia.org/resource/Michael_McCarron
v10_1845_0,0,95,M. Leighton,http://dbpedia.org/resource/Michael_Leighton
v10_1845_0,0,96,M. Latta,http://dbpedia.org/resource/Michael_Latta
v10_1845_0,0,97,M. Hutchinson,http://dbpedia.org/resource/Michael_Hutchinson_(ice_hockey)
v10_1845_0,0,98,M. Henrich,http://dbpedia.org/resource/Michael_Henrich
v10_1845_0,0,99,M. Grabner,http://dbpedia.org/resource/Michael_Grabner
v10_1845_0,0,100,M. Garnett,http://dbpedia.org/resource/Michael_Garnett
v10_1845_0,0,101,M. Frolík,http://dbpedia.org/resource/Michael_Frolík
v10_1845_0,0,102,M. Forney,http://dbpedia.org/resource/Michael_Forney
v10_1845_0,0,103,M. D. Zotto,http://dbpedia.org/resource/Michael_Del_Zotto
v10_1845_0,0,104,M. D. Colle,http://dbpedia.org/resource/Michael_Dal_Colle
v10_1845_0,0,105,M. Cichy,http://dbpedia.org/resource/Michael_Cichy
v10_1845_0,0,106,M. Chaput,http://dbpedia.org/resource/Michael_Chaput
v10_1845_0,0,107,M. Caruso,http://dbpedia.org/resource/Michael_Caruso_(ice_hockey)
v10_1845_0,0,108,M. Cammalleri,http://dbpedia.org/resource/Michael_Cammalleri
v10_1845_0,0,109,M. Špaček,http://dbpedia.org/resource/Jaroslav_Špaček
v10_1845_0,0,110,M. Bournival,http://dbpedia.org/resource/Michaël_Bournival
v10_1845_0,0,111,M. Tanguay,http://dbpedia.org/resource/Alex_Tanguay
v10_1845_0,0,112,M. Talbot,http://dbpedia.org/resource/Maxime_Talbot
