v10_1849_0,0,1,K. Baranov,http://dbpedia.org/resource/Konstantin_Baranov_(ice_hockey)
v10_1849_0,0,2,K. Abeltshauser,http://dbpedia.org/resource/Konrad_Abeltshauser
v10_1849_0,0,3,K. Dahlbeck,http://dbpedia.org/resource/Klas_Dahlbeck
v10_1849_0,0,4,K. Tulupov,http://dbpedia.org/resource/Kirill_Tulupov
v10_1849_0,0,5,K. Starkov,http://dbpedia.org/resource/Kirill_Starkov
v10_1849_0,0,6,K. Safronov,http://dbpedia.org/resource/Kirill_Safronov
v10_1849_0,0,7,K. Petrov,http://dbpedia.org/resource/Kirill_Petrov
v10_1849_0,0,8,K. Lyamin,http://dbpedia.org/resource/Kirill_Lyamin
v10_1849_0,0,9,K. Koltsov,http://dbpedia.org/resource/Konstantin_Koltsov
v10_1849_0,0,10,K. Kaprizov,http://dbpedia.org/resource/Kirill_Kaprizov
v10_1849_0,0,11,K. Kabanov,http://dbpedia.org/resource/Kirill_Kabanov
v10_1849_0,0,12,K. Gotovets,http://dbpedia.org/resource/Kirill_Gotovets
v10_1849_0,0,13,K. Staal,http://dbpedia.org/resource/Kim_Staal
v10_1849_0,0,14,K. Hirschovits,http://dbpedia.org/resource/Kim_Hirschovits
v10_1849_0,0,15,K. Bellows,http://dbpedia.org/resource/Kieffer_Bellows
v10_1849_0,0,16,K. Stenlund,http://dbpedia.org/resource/Kevin_Stenlund
v10_1849_0,0,17,K. Shattenkirk,http://dbpedia.org/resource/Kevin_Shattenkirk
v10_1849_0,0,18,K. Roy,http://dbpedia.org/resource/Kevin_Roy
v10_1849_0,0,19,K. Romy,http://dbpedia.org/resource/Kevin_Romy
v10_1849_0,0,20,K. Regan,http://dbpedia.org/resource/Kevin_Regan
v10_1849_0,0,21,K. Porter,http://dbpedia.org/resource/Kevin_Porter_(ice_hockey)
v10_1849_0,0,22,K. Nastiuk,http://dbpedia.org/resource/Kevin_Nastiuk
v10_1849_0,0,23,K. Mitchell,http://dbpedia.org/resource/Kevin_Mitchell_(ice_hockey)
v10_1849_0,0,24,K. Lynch,http://dbpedia.org/resource/Kevin_Lynch_(ice_hockey)
v10_1849_0,0,25,K. Lalande,http://dbpedia.org/resource/Kevin_Lalande
v10_1849_0,0,26,K. Klein,http://dbpedia.org/resource/Kevin_Klein
v10_1849_0,0,27,K. Kantee,http://dbpedia.org/resource/Kevin_Kantee
v10_1849_0,0,28,K. Hayes,http://dbpedia.org/resource/Kevin_Hayes_(ice_hockey)
v10_1849_0,0,29,K. Harvey,http://dbpedia.org/resource/Kevin_Harvey_(ice_hockey)
v10_1849_0,0,30,K. Gravel,http://dbpedia.org/resource/Kevin_Gravel
v10_1849_0,0,31,K. Fiala,http://dbpedia.org/resource/Kevin_Fiala
v10_1849_0,0,32,K. Elgestål,http://dbpedia.org/resource/Kevin_Elgestål
v10_1849_0,0,33,K. Connauton,http://dbpedia.org/resource/Kevin_Connauton
v10_1849_0,0,34,K. Bieksa,http://dbpedia.org/resource/Kevin_Bieksa
v10_1849_0,0,35,K. Rychel,http://dbpedia.org/resource/Kerby_Rychel
v10_1849_0,0,36,K. Simpson,"http://dbpedia.org/resource/Kent_Simpson_(ice_hockey,_born_1992)"
v10_1849_0,0,37,K. Patterson,http://dbpedia.org/resource/Kent_Patterson
v10_1849_0,0,38,K. McDonell,http://dbpedia.org/resource/Kent_McDonell
v10_1849_0,0,39,K. Ryan,http://dbpedia.org/resource/Kenny_Ryan
v10_1849_0,0,40,K. Agostino,http://dbpedia.org/resource/Kenny_Agostino
v10_1849_0,0,41,K. Magowan,http://dbpedia.org/resource/Ken_Magowan
v10_1849_0,0,42,K. Tessier,http://dbpedia.org/resource/Kelsey_Tessier
v10_1849_0,0,43,K. Yandle,http://dbpedia.org/resource/Keith_Yandle
v10_1849_0,0,44,K. Redmond,http://dbpedia.org/resource/Keith_Redmond
v10_1849_0,0,45,K. Aulie,http://dbpedia.org/resource/Keith_Aulie
v10_1849_0,0,46,K. Lowe,http://dbpedia.org/resource/Kevin_Lowe
v10_1849_0,0,47,K. Ellerby,http://dbpedia.org/resource/Keaton_Ellerby
v10_1849_0,0,48,K. Kapanen,http://dbpedia.org/resource/Kasperi_Kapanen
v10_1849_0,0,49,K. Daugaviņš,http://dbpedia.org/resource/Kaspars_Daugaviņš
v10_1849_0,0,50,K. Alzner,http://dbpedia.org/resource/Karl_Alzner
v10_1849_0,0,51,K. Lehtonen,http://dbpedia.org/resource/Kari_Lehtonen
v10_1849_0,0,52,K. Haakana,http://dbpedia.org/resource/Kari_Haakana
v10_1849_0,0,53,K. Vejmelka,http://dbpedia.org/resource/Karel_Vejmelka
v10_1849_0,0,54,K. Pilař,http://dbpedia.org/resource/Karel_Pilař
v10_1849_0,0,55,K. Hromas,http://dbpedia.org/resource/Karel_Hromas
v10_1849_0,0,56,K. Piroš,http://dbpedia.org/resource/Kamil_Piroš
v10_1849_0,0,57,K. Kreps,http://dbpedia.org/resource/Kamil_Kreps
v10_1849_0,0,58,K. Olsson,http://dbpedia.org/resource/Kalle_Olsson
v10_1849_0,0,59,K. Hospelt,http://dbpedia.org/resource/Kai_Hospelt
v10_1849_0,0,60,K. Kähkönen,http://dbpedia.org/resource/Kaapo_Kähkönen
v10_1849_0,0,61,J. Rēdlihs,http://dbpedia.org/resource/Jēkabs_Rēdlihs
v10_1849_0,0,62,J. Sprukts,http://dbpedia.org/resource/Jānis_Sprukts
v10_1849_0,0,63,J. Gauthier-Leduc,http://dbpedia.org/resource/Jérôme_Gauthier-Leduc
v10_1849_0,0,64,J. Roy,http://dbpedia.org/resource/Jérémy_Roy_(ice_hockey)
v10_1849_0,0,65,J. Vas,http://dbpedia.org/resource/János_Vas
v10_1849_0,0,66,J. Tabaček,http://dbpedia.org/resource/Ján_Tabaček
v10_1849_0,0,67,J. Lipiansky,http://dbpedia.org/resource/Ján_Lipiansky
v10_1849_0,0,68,J. Jokipakka,http://dbpedia.org/resource/Jyrki_Jokipakka
v10_1849_0,0,69,J. Niemi,http://dbpedia.org/resource/Jyri_Niemi
v10_1849_0,0,70,J. Marttinen,http://dbpedia.org/resource/Jyri_Marttinen
v10_1849_0,0,71,J. Puustinen,http://dbpedia.org/resource/Juuso_Puustinen
v10_1849_0,0,72,J. Saros,http://dbpedia.org/resource/Juuse_Saros
v10_1849_0,0,73,J. Williams,http://dbpedia.org/resource/Jamal_Williams
v10_1849_0,0,74,J. Vaive,http://dbpedia.org/resource/Rick_Vaive
v10_1849_0,0,75,J. Shugg,http://dbpedia.org/resource/Justin_Shugg
v10_1849_0,0,76,J. Schultz,http://dbpedia.org/resource/Jeff_Schultz
v10_1849_0,0,77,J. Pogge,http://dbpedia.org/resource/Justin_Pogge
v10_1849_0,0,78,J. Peters,http://dbpedia.org/resource/Justin_Peters
v10_1849_0,0,79,J. Papineau,http://dbpedia.org/resource/Justin_Papineau
v10_1849_0,0,80,J. Morrison,http://dbpedia.org/resource/Justin_Morrison
v10_1849_0,0,81,J. Mercier,http://dbpedia.org/resource/Justin_Mercier
v10_1849_0,0,82,J. Krueger,http://dbpedia.org/resource/Justin_Krueger
v10_1849_0,0,83,J. Florek,http://dbpedia.org/resource/Justin_Florek
v10_1849_0,0,84,J. Faulk,http://dbpedia.org/resource/Justin_Faulk
v10_1849_0,0,85,J. Falk,http://dbpedia.org/resource/Justin_Falk
v10_1849_0,0,86,J. Braun,http://dbpedia.org/resource/Justin_Braun_(ice_hockey)
v10_1849_0,0,87,J. Bailey,http://dbpedia.org/resource/Joe_Bailey_(ice_hockey)
v10_1849_0,0,88,J. Azevedo,http://dbpedia.org/resource/Justin_Azevedo
v10_1849_0,0,89,J. Abdelkader,http://dbpedia.org/resource/Justin_Abdelkader
v10_1849_0,0,90,J. Timonen,http://dbpedia.org/resource/Kimmo_Timonen
v10_1849_0,0,91,J. Markkanen,http://dbpedia.org/resource/Jussi_Markkanen
v10_1849_0,0,92,J. Jokinen,http://dbpedia.org/resource/Jussi_Jokinen
v10_1849_0,0,93,J. Mikuš,"http://dbpedia.org/resource/Juraj_Mikuš_(ice_hockey,_born_1988)"
v10_1849_0,0,94,J. Kolník,http://dbpedia.org/resource/Juraj_Kolník
v10_1849_0,0,95,J. Gráčik,http://dbpedia.org/resource/Juraj_Gráčik
v10_1849_0,0,96,J. Vähätalo,http://dbpedia.org/resource/Julius_Vähätalo
v10_1849_0,0,97,J. Honka,http://dbpedia.org/resource/Julius_Honka
v10_1849_0,0,98,J. Bergman,http://dbpedia.org/resource/Julius_Bergman
v10_1849_0,0,99,J. Vauclair,http://dbpedia.org/resource/Julien_Vauclair
v10_1849_0,0,100,J. Sprunger,http://dbpedia.org/resource/Julien_Sprunger
v10_1849_0,0,101,J. Gauthier,http://dbpedia.org/resource/Julien_Gauthier
v10_1849_0,0,102,J. Walker,http://dbpedia.org/resource/Julian_Walker
v10_1849_0,0,103,J. Melchiori,http://dbpedia.org/resource/Julian_Melchiori
v10_1849_0,0,104,J. Khaira,http://dbpedia.org/resource/Jujhar_Khaira
v10_1849_0,0,105,J. Mielonen,http://dbpedia.org/resource/Juho_Mielonen
v10_1849_0,0,106,J. Lammikko,http://dbpedia.org/resource/Juho_Lammikko
v10_1849_0,0,107,J. Aaltonen,http://dbpedia.org/resource/Juhamatti_Aaltonen
v10_1849_0,0,108,J. Riihijärvi,http://dbpedia.org/resource/Juha_Riihijärvi
v10_1849_0,0,109,J. Gustafsson,http://dbpedia.org/resource/Juha_Gustafsson
v10_1849_0,0,110,J. Alén,http://dbpedia.org/resource/Juha_Alén
