v10_622_0,0,1,D. Seigle,http://dbpedia.org/resource/Danny_Seigle
v10_622_0,0,2,D. Soro,http://dbpedia.org/resource/Daniele_Soro
v10_622_0,0,3,C. Planeta,http://dbpedia.org/resource/Colleen_Planeta
v10_622_0,0,4,C. Saloustros,http://dbpedia.org/resource/Christos_Saloustros
v10_622_0,0,5,C. Petrodimopoulos,http://dbpedia.org/resource/Christos_Petrodimopoulos
v10_622_0,0,6,C. Beghin,http://dbpedia.org/resource/Christophe_Beghin
v10_622_0,0,7,C. R. Sitepu,http://dbpedia.org/resource/Christian_Ronald_Sitepu
v10_622_0,0,8,C. Kuete,http://dbpedia.org/resource/Chris_Kuete
v10_622_0,0,9,C. Bibby,http://dbpedia.org/resource/Jessica_Bibby
v10_622_0,0,10,C. Gallagher,http://dbpedia.org/resource/Chad_Gallagher
v10_622_0,0,11,C. Tabet,http://dbpedia.org/resource/Charles_Tabet
v10_622_0,0,12,C. Giannopoulos,http://dbpedia.org/resource/Charis_Giannopoulos
v10_622_0,0,13,C. Chih-feng,http://dbpedia.org/resource/Chang_Chih-feng
v10_622_0,0,14,C. Yıldızoğlu,http://dbpedia.org/resource/Ceyhun_Yıldızoğlu
v10_622_0,0,15,C. Kozluca,http://dbpedia.org/resource/Ceyda_Kozluca
v10_622_0,0,16,C. Gezinci,http://dbpedia.org/resource/Cem_Gezinci
v10_622_0,0,17,C. Osman,http://dbpedia.org/resource/Cedi_Osman
v10_622_0,0,18,C. Miloglav,http://dbpedia.org/resource/Carmen_Miloglav
v10_622_0,0,19,C. A. Lee,http://dbpedia.org/resource/Carmelo_Antrone_Lee
v10_622_0,0,20,C. Boag,http://dbpedia.org/resource/Carly_Boag
v10_622_0,0,21,C. M. Mutaf,http://dbpedia.org/resource/Can_Maxim_Mutaf
v10_622_0,0,22,B. Smart,http://dbpedia.org/resource/Brittany_Smart
v10_622_0,0,23,B. Jones,http://dbpedia.org/resource/Byron_Jones_(American_football)
v10_622_0,0,24,B. Luković,http://dbpedia.org/resource/Branka_Luković
v10_622_0,0,25,B. Greenberg,http://dbpedia.org/resource/Brad_Greenberg
v10_622_0,0,26,B. Ravena,http://dbpedia.org/resource/Bong_Ravena
v10_622_0,0,27,B. Ramos,http://dbpedia.org/resource/Bobby_Ramos
v10_622_0,0,28,B. Vulić,http://dbpedia.org/resource/Bojana_Vulić
v10_622_0,0,29,B. J. Hatton,http://dbpedia.org/resource/Bobby_Joe_Hatton
v10_622_0,0,30,B. Tomić,http://dbpedia.org/resource/Boban_Tomić
v10_622_0,0,31,B. Mitev,http://dbpedia.org/resource/Zdravko_Mitev
v10_622_0,0,32,B. B. Pétursson,http://dbpedia.org/resource/Birgir_Björn_Pétursson
