v10_468_0,0,1,Helena's tree frog,http://dbpedia.org/resource/Helena's_tree_frog
v10_468_0,0,2,Heleioporus inornatus,http://dbpedia.org/resource/Heleioporus_inornatus
v10_468_0,0,3,Haswell's frog,http://dbpedia.org/resource/Haswell's_frog
v10_468_0,0,4,Hartweg's climbing salamander,http://dbpedia.org/resource/Hartweg's_climbing_salamander
v10_468_0,0,5,Harlequin tree frog,http://dbpedia.org/resource/Harlequin_tree_frog
v10_468_0,0,6,Haraldmeier's mantella,http://dbpedia.org/resource/Haraldmeier's_mantella
v10_468_0,0,7,Hamilton's frog,http://dbpedia.org/resource/Hamilton's_frog
v10_468_0,0,8,Hallowell's tree frog,http://dbpedia.org/resource/Hallowell's_tree_frog
v10_468_0,0,9,Hakuba salamander,http://dbpedia.org/resource/Hakuba_salamander
v10_468_0,0,10,Hairy frog,http://dbpedia.org/resource/Hairy_frog
v10_468_0,0,11,Hainan knobby newt,http://dbpedia.org/resource/Hainan_knobby_newt
v10_468_0,0,12,Haddadus plicifer,http://dbpedia.org/resource/Haddadus_plicifer
v10_468_0,0,13,Günther's toadlet,http://dbpedia.org/resource/Günther's_toadlet
v10_468_0,0,14,Gómez's web-footed salamander,http://dbpedia.org/resource/Gómez's_web-footed_salamander
v10_468_0,0,15,Gyrinophilus palleucus necturoides,http://dbpedia.org/resource/Tennessee_cave_salamander
v10_468_0,0,16,Gymnopis syntrema,http://dbpedia.org/resource/Gymnopis_syntrema
v10_468_0,0,17,Gymnopis multiplicata,http://dbpedia.org/resource/Gymnopis_multiplicata
v10_468_0,0,18,Gulf Coast waterdog,http://dbpedia.org/resource/Gulf_Coast_waterdog
v10_468_0,0,19,Guizhou salamander,http://dbpedia.org/resource/Guizhou_salamander
v10_468_0,0,20,Guinea snout-burrower,http://dbpedia.org/resource/Guinea_snout-burrower
v10_468_0,0,21,Guibé's mantella,http://dbpedia.org/resource/Guibé's_mantella
v10_468_0,0,22,Guibemantis timidus,http://dbpedia.org/resource/Guibemantis_timidus
v10_468_0,0,23,Guibemantis punctatus,http://dbpedia.org/resource/Guibemantis_punctatus
v10_468_0,0,24,Guibemantis pulcher,http://dbpedia.org/resource/Guibemantis_pulcher
v10_468_0,0,25,Guibemantis liber,http://dbpedia.org/resource/Guibemantis_liber
v10_468_0,0,26,Guibemantis kathrinae,http://dbpedia.org/resource/Guibemantis_kathrinae
v10_468_0,0,27,Guibemantis flavobrunneus,http://dbpedia.org/resource/Guibemantis_flavobrunneus
v10_468_0,0,28,Guibemantis depressiceps,http://dbpedia.org/resource/Guibemantis_depressiceps
v10_468_0,0,29,Guibemantis bicalcaratus,http://dbpedia.org/resource/Guibemantis_bicalcaratus
v10_468_0,0,30,Guibemantis albolineatus,http://dbpedia.org/resource/Guibemantis_albolineatus
v10_468_0,0,31,Guibé's mantella,http://dbpedia.org/resource/Guibé's_mantella
v10_468_0,0,32,Guerreran stream frog,http://dbpedia.org/resource/Ptychohyla_salvadorensis
v10_468_0,0,33,Guerreran climbing salamander,http://dbpedia.org/resource/Guerreran_climbing_salamander
v10_468_0,0,34,Guatemala stream frog,http://dbpedia.org/resource/Guatemala_stream_frog
v10_468_0,0,35,Guanujo stubfoot toad,http://dbpedia.org/resource/Guanujo_stubfoot_toad
v10_468_0,0,36,Guacamayo plump toad,http://dbpedia.org/resource/Guacamayo_plump_toad
v10_468_0,0,37,Guabang Shan salamander,http://dbpedia.org/resource/Guabang_Shan_salamander
v10_468_0,0,38,Growling grass frog,http://dbpedia.org/resource/Growling_grass_frog
v10_468_0,0,39,Grotto salamander,http://dbpedia.org/resource/Grotto_salamander
v10_468_0,0,40,Gristle-headed splayfoot salamander,http://dbpedia.org/resource/Gristle-headed_splayfoot_salamander
v10_468_0,0,41,Grey foam-nest tree frog,http://dbpedia.org/resource/Grey_foam-nest_tree_frog
v10_468_0,0,42,Gregarious slender salamander,http://dbpedia.org/resource/Gregarious_slender_salamander
v10_468_0,0,43,Greenhouse frog,http://dbpedia.org/resource/Greenhouse_frog
v10_468_0,0,44,Green salamander,http://dbpedia.org/resource/Green_salamander
v10_468_0,0,45,Green mantella,http://dbpedia.org/resource/Green_mantella
v10_468_0,0,46,Green big-eyed tree frog,http://dbpedia.org/resource/Leptopelis_vermiculatus
v10_468_0,0,47,Green and red venter harlequin toad,http://dbpedia.org/resource/Green_and_red_venter_harlequin_toad
v10_468_0,0,48,Green and golden bell frog,http://dbpedia.org/resource/Green_and_golden_bell_frog
v10_468_0,0,49,Green-thighed frog,http://dbpedia.org/resource/Green-thighed_frog
v10_468_0,0,50,Green-eyed tree frog,http://dbpedia.org/resource/Green-eyed_tree_frog
v10_468_0,0,51,Greek stream frog,http://dbpedia.org/resource/Greek_stream_frog
v10_468_0,0,52,Greater siren,http://dbpedia.org/resource/Greater_siren
v10_468_0,0,53,Great barred frog,http://dbpedia.org/resource/Great_barred_frog
v10_468_0,0,54,Great Basin spadefoot,http://dbpedia.org/resource/Great_Basin_spadefoot
v10_468_0,0,55,Gray tree frog,http://dbpedia.org/resource/Gray_tree_frog
v10_468_0,0,56,Granular salamander,http://dbpedia.org/resource/Granular_salamander
v10_468_0,0,57,Grant's big-eyed tree frog,http://dbpedia.org/resource/Grant's_big-eyed_tree_frog
v10_468_0,0,58,Grandisonia sechellensis,http://dbpedia.org/resource/Grandisonia_sechellensis
v10_468_0,0,59,Grandisonia larvata,http://dbpedia.org/resource/Grandisonia_larvata
v10_468_0,0,60,Grandisonia alternans,http://dbpedia.org/resource/Grandisonia_alternans
v10_468_0,0,61,Gorzula's Amazon tree frog,http://dbpedia.org/resource/Gorzula's_Amazon_tree_frog
v10_468_0,0,62,Gorgan salamander,http://dbpedia.org/resource/Gorgan_salamander
v10_468_0,0,63,Gopher frog,http://dbpedia.org/resource/Gopher_frog
v10_468_0,0,64,Golfodulcean poison frog,http://dbpedia.org/resource/Golfodulcean_poison_frog
v10_468_0,0,65,Goldfield's bull frog,http://dbpedia.org/resource/Goldfield's_bull_frog
v10_468_0,0,66,Golden mantella,http://dbpedia.org/resource/Golden_mantella
v10_468_0,0,67,Golden coquí,http://dbpedia.org/resource/Golden_coquí
v10_468_0,0,68,Gold-striped salamander,http://dbpedia.org/resource/Gold-striped_salamander
v10_468_0,0,69,Godman's tree frog,http://dbpedia.org/resource/Godman's_tree_frog
v10_468_0,0,70,Glyphoglossus molossus,http://dbpedia.org/resource/Glyphoglossus_molossus
v10_468_0,0,71,Gliding tree frog,http://dbpedia.org/resource/Gliding_tree_frog
v10_468_0,0,72,Glauert's froglet,http://dbpedia.org/resource/Glauert's_froglet
v10_468_0,0,73,Glandular toadlet,http://dbpedia.org/resource/Glandular_toadlet
v10_468_0,0,74,Glandirana tientaiensis,http://dbpedia.org/resource/Glandirana_tientaiensis
v10_468_0,0,75,Giant burrowing frog,http://dbpedia.org/resource/Giant_burrowing_frog
v10_468_0,0,76,Giant barred frog,http://dbpedia.org/resource/Giant_barred_frog
v10_468_0,0,77,Giant banjo frog,http://dbpedia.org/resource/Giant_banjo_frog
v10_468_0,0,78,Gephyromantis zavona,http://dbpedia.org/resource/Gephyromantis_zavona
v10_468_0,0,79,Gephyromantis webbi,http://dbpedia.org/resource/Gephyromantis_webbi
v10_468_0,0,80,Gephyromantis tschenki,http://dbpedia.org/resource/Gephyromantis_tschenki
v10_468_0,0,81,Gephyromantis thelenae,http://dbpedia.org/resource/Gephyromantis_thelenae
v10_468_0,0,82,Gephyromantis tandroka,http://dbpedia.org/resource/Gephyromantis_tandroka
v10_468_0,0,83,Gephyromantis striatus,http://dbpedia.org/resource/Gephyromantis_striatus
v10_468_0,0,84,Gephyromantis silvanus,http://dbpedia.org/resource/Gephyromantis_silvanus
v10_468_0,0,85,Gephyromantis sculpturatus,http://dbpedia.org/resource/Gephyromantis_sculpturatus
v10_468_0,0,86,Gephyromantis schilfi,http://dbpedia.org/resource/Gephyromantis_schilfi
v10_468_0,0,87,Gephyromantis salegy,http://dbpedia.org/resource/Gephyromantis_salegy
v10_468_0,0,88,Gephyromantis rivicola,http://dbpedia.org/resource/Gephyromantis_rivicola
v10_468_0,0,89,Gephyromantis redimitus,http://dbpedia.org/resource/Gephyromantis_redimitus
v10_468_0,0,90,Gephyromantis pseudoasper,http://dbpedia.org/resource/Gephyromantis_pseudoasper
v10_468_0,0,91,Gephyromantis plicifer,http://dbpedia.org/resource/Gephyromantis_plicifer
v10_468_0,0,92,Gephyromantis moseri,http://dbpedia.org/resource/Gephyromantis_moseri
v10_468_0,0,93,Gephyromantis malagasius,http://dbpedia.org/resource/Gephyromantis_malagasius
v10_468_0,0,94,Gephyromantis luteus,http://dbpedia.org/resource/Gephyromantis_luteus
v10_468_0,0,95,Gephyromantis leucomaculatus,http://dbpedia.org/resource/Gephyromantis_leucomaculatus
v10_468_0,0,96,Gephyromantis leucocephalus,http://dbpedia.org/resource/Gephyromantis_leucocephalus
v10_468_0,0,97,Gephyromantis klemmeri,http://dbpedia.org/resource/Gephyromantis_klemmeri
v10_468_0,0,98,Gephyromantis horridus,http://dbpedia.org/resource/Gephyromantis_horridus
v10_468_0,0,99,Gephyromantis granulatus,http://dbpedia.org/resource/Gephyromantis_granulatus
v10_468_0,0,100,Gephyromantis enki,http://dbpedia.org/resource/Gephyromantis_enki
v10_468_0,0,101,Gephyromantis eiselti,http://dbpedia.org/resource/Gephyromantis_eiselti
v10_468_0,0,102,Gephyromantis decaryi,http://dbpedia.org/resource/Gephyromantis_decaryi
v10_468_0,0,103,Gephyromantis corvus,http://dbpedia.org/resource/Gephyromantis_corvus
v10_468_0,0,104,Gephyromantis cornutus,http://dbpedia.org/resource/Gephyromantis_cornutus
v10_468_0,0,105,Gephyromantis boulengeri,http://dbpedia.org/resource/Gephyromantis_boulengeri
v10_468_0,0,106,Gephyromantis asper,http://dbpedia.org/resource/Gephyromantis_asper
v10_468_0,0,107,Gephyromantis ambohitra,http://dbpedia.org/resource/Gephyromantis_ambohitra
v10_468_0,0,108,Geotrypetes pseudoangeli,http://dbpedia.org/resource/Geotrypetes_pseudoangeli
v10_468_0,0,109,Geotrypetes angeli,http://dbpedia.org/resource/Geotrypetes_angeli
v10_468_0,0,110,Georgia blind salamander,http://dbpedia.org/resource/Georgia_blind_salamander
v10_468_0,0,111,Geocrinia vitellina,http://dbpedia.org/resource/Geocrinia_vitellina
v10_468_0,0,112,Geocrinia rosea,http://dbpedia.org/resource/Geocrinia_rosea
v10_468_0,0,113,Geocrinia lutea,http://dbpedia.org/resource/Geocrinia_lutea
v10_468_0,0,114,Geocrinia leai,http://dbpedia.org/resource/Geocrinia_leai
v10_468_0,0,115,Geocrinia laevis,http://dbpedia.org/resource/Geocrinia_laevis
v10_468_0,0,116,Geocrinia alba,http://dbpedia.org/resource/Geocrinia_alba
v10_468_0,0,117,Genyophryne thomsoni,http://dbpedia.org/resource/Genyophryne
v10_468_0,0,118,Gegeneophis seshachari,http://dbpedia.org/resource/Gegeneophis_seshachari
v10_468_0,0,119,Gegeneophis nadkarnii,http://dbpedia.org/resource/Gegeneophis_nadkarnii
v10_468_0,0,120,Gegeneophis madhavai,http://dbpedia.org/resource/Gegeneophis_madhavai
v10_468_0,0,121,Gegeneophis krishni,http://dbpedia.org/resource/Gegeneophis_krishni
v10_468_0,0,122,Gegeneophis goaensis,http://dbpedia.org/resource/Gegeneophis_goaensis
v10_468_0,0,123,Gegeneophis carnosus,http://dbpedia.org/resource/Gegeneophis_carnosus
v10_468_0,0,124,Geelvink pygmy tree frog,http://dbpedia.org/resource/Geelvink_pygmy_tree_frog
v10_468_0,0,125,Gastrotheca weinlandii,http://dbpedia.org/resource/Gastrotheca_weinlandii
v10_468_0,0,126,Gastrotheca trachyceps,http://dbpedia.org/resource/Gastrotheca_trachyceps
v10_468_0,0,127,Gastrotheca testudinea,http://dbpedia.org/resource/Gastrotheca_testudinea
v10_468_0,0,128,Gastrotheca splendens,http://dbpedia.org/resource/Gastrotheca_splendens
v10_468_0,0,129,Gastrotheca ruizi,http://dbpedia.org/resource/Ruiz's_marsupial_frog
v10_468_0,0,130,Gastrotheca psychrophila,http://dbpedia.org/resource/Gastrotheca_psychrophila
v10_468_0,0,131,Gastrotheca pseustes,http://dbpedia.org/resource/Gastrotheca_pseustes
v10_468_0,0,132,Gastrotheca piperata,http://dbpedia.org/resource/Gastrotheca_piperata
