v10_1850_0,0,1,J. Vermin,http://dbpedia.org/resource/Joël_Vermin
v10_1850_0,0,2,J. Chouinard,http://dbpedia.org/resource/Marc_Chouinard
v10_1850_0,0,3,J. Champagne,http://fr.dbpedia.org/resource/Joël_Champagne
v10_1850_0,0,4,J. Čierny,http://dbpedia.org/resource/Jozef_Čierny
v10_1850_0,0,5,J. Stümpel,http://dbpedia.org/resource/Jozef_Stümpel
v10_1850_0,0,6,J. Balej,http://dbpedia.org/resource/Jozef_Balej
v10_1850_0,0,7,J. Čierny,http://dbpedia.org/resource/Jozef_Čierny
v10_1850_0,0,8,J. Unice,http://dbpedia.org/resource/Josh_Unice
v10_1850_0,0,9,J. Morrissey,http://dbpedia.org/resource/Josh_Morrissey
v10_1850_0,0,10,J. Manson,http://dbpedia.org/resource/Josh_Manson
v10_1850_0,0,11,J. MacNevin,http://dbpedia.org/resource/Josh_MacNevin
v10_1850_0,0,12,J. Leivo,http://dbpedia.org/resource/Josh_Leivo
v10_1850_0,0,13,J. Holden,http://dbpedia.org/resource/Josh_Holden
v10_1850_0,0,14,J. Ho-Sang,http://dbpedia.org/resource/Josh_Ho-Sang
v10_1850_0,0,15,J. Hennessy,http://dbpedia.org/resource/Josh_Hennessy
v10_1850_0,0,16,J. Green,http://dbpedia.org/resource/Johnny_Green_(basketball)
v10_1850_0,0,17,J. Godfrey,http://fr.dbpedia.org/resource/Josh_Godfrey
v10_1850_0,0,18,J. Brittain,
v10_1850_0,0,19,J. Bailey,http://dbpedia.org/resource/Joe_Bailey_(ice_hockey)
v10_1850_0,0,20,J. Archibald,http://dbpedia.org/resource/Jim_Archibald
v10_1850_0,0,21,J. Anderson,http://dbpedia.org/resource/Jim_Anderson_(ice_hockey)
v10_1850_0,0,22,J. Blandisi,http://dbpedia.org/resource/Joseph_Blandisi
v10_1850_0,0,23,J. Straka,http://dbpedia.org/resource/Martin_Straka
v10_1850_0,0,24,J. Boumedienne,http://dbpedia.org/resource/Josef_Boumedienne
v10_1850_0,0,25,J. Beránek,http://dbpedia.org/resource/Josef_Beránek
v10_1850_0,0,26,J. Lehterä,http://dbpedia.org/resource/Jori_Lehterä
v10_1850_0,0,27,J. Southorn,http://dbpedia.org/resource/Jordon_Southorn
v10_1850_0,0,28,J. Tootoo,http://dbpedia.org/resource/Jordin_Tootoo
v10_1850_0,0,29,J. Weal,http://dbpedia.org/resource/Jordan_Weal
v10_1850_0,0,30,J. Subban,http://dbpedia.org/resource/Jordan_Subban
v10_1850_0,0,31,J. Staal,http://dbpedia.org/resource/Jordan_Staal
v10_1850_0,0,32,J. Schroeder,http://dbpedia.org/resource/Jordan_Schroeder
v10_1850_0,0,33,J. Schmaltz,http://dbpedia.org/resource/Jordan_Schmaltz
v10_1850_0,0,34,J. Samuels-Thomas,http://dbpedia.org/resource/Jordan_Samuels-Thomas
v10_1850_0,0,35,J. Nolan,http://dbpedia.org/resource/Jordan_Nolan
v10_1850_0,0,36,J. Martinook,http://dbpedia.org/resource/Jordan_Martinook
v10_1850_0,0,37,J. Knackstedt,http://dbpedia.org/resource/Jordan_Knackstedt
v10_1850_0,0,38,J. Greenway,http://dbpedia.org/resource/Jordan_Greenway
v10_1850_0,0,39,J. Eberle,http://dbpedia.org/resource/Jordan_Eberle
v10_1850_0,0,40,J. Caron,http://dbpedia.org/resource/Jordan_Caron
v10_1850_0,0,41,J. Binnington,http://dbpedia.org/resource/Jordan_Binnington
v10_1850_0,0,42,J. Vihko,http://dbpedia.org/resource/Joonas_Vihko
v10_1850_0,0,43,J. Rask,http://dbpedia.org/resource/Joonas_Rask
v10_1850_0,0,44,J. Nättinen,http://dbpedia.org/resource/Joonas_Nättinen
v10_1850_0,0,45,J. Lyytinen,http://dbpedia.org/resource/Joonas_Lyytinen
v10_1850_0,0,46,J. Lehtivuori,http://dbpedia.org/resource/Joonas_Lehtivuori
v10_1850_0,0,47,J. Korpisalo,http://dbpedia.org/resource/Joonas_Korpisalo
v10_1850_0,0,48,J. Donskoi,http://dbpedia.org/resource/Joonas_Donskoi
v10_1850_0,0,49,J. Brodzinski,http://dbpedia.org/resource/Jonny_Brodzinski
v10_1850_0,0,50,J. Tammela,http://dbpedia.org/resource/Jonne_Tammela
v10_1850_0,0,51,J. Tuulola,http://dbpedia.org/resource/Joni_Tuulola
v10_1850_0,0,52,J. Puurula,http://dbpedia.org/resource/Joni_Puurula
v10_1850_0,0,53,J. Ortio,http://dbpedia.org/resource/Joni_Ortio
v10_1850_0,0,54,J. Blum,http://dbpedia.org/resource/Jonathon_Blum
v10_1850_0,0,55,J. Zion,http://dbpedia.org/resource/Jonathan_Zion_(ice_hockey)
v10_1850_0,0,56,J. Toews,http://dbpedia.org/resource/Jonathan_Toews
v10_1850_0,0,57,J. Sigalet,http://dbpedia.org/resource/Jonathan_Sigalet
v10_1850_0,0,58,J. Racine,http://dbpedia.org/resource/Jonathan_Racine
v10_1850_0,0,59,J. Quick,http://dbpedia.org/resource/Jonathan_Quick
v10_1850_0,0,60,J. Paiement,http://dbpedia.org/resource/Jonathan_Paiement
v10_1850_0,0,61,J. Huberdeau,http://dbpedia.org/resource/Jonathan_Huberdeau
v10_1850_0,0,62,J. Ferland,http://dbpedia.org/resource/Jonathan_Ferland
v10_1850_0,0,63,J. Ericsson,http://dbpedia.org/resource/Jonathan_Ericsson
v10_1850_0,0,64,J. Drouin,http://dbpedia.org/resource/Jonathan_Drouin
v10_1850_0,0,65,J. Cheechoo,http://dbpedia.org/resource/Jonathan_Cheechoo
v10_1850_0,0,66,J. Carlsson,http://dbpedia.org/resource/Jonathan_Carlsson
v10_1850_0,0,67,J. Boutin,http://dbpedia.org/resource/Jonathan_Boutin
v10_1850_0,0,68,J. Bernier,http://dbpedia.org/resource/Steve_Bernier
v10_1850_0,0,69,J. Nielsen,http://dbpedia.org/resource/Jeff_Nielsen
v10_1850_0,0,70,J. Siegenthaler,http://dbpedia.org/resource/Jonas_Siegenthaler
v10_1850_0,0,71,J. Junland,http://dbpedia.org/resource/Jonas_Junland
v10_1850_0,0,72,J. Johansson,"http://dbpedia.org/resource/Jonas_Johansson_(ice_hockey,_born_1984)"
v10_1850_0,0,73,J. Johansson,"http://dbpedia.org/resource/Jonas_Johansson_(ice_hockey,_born_1984)"
v10_1850_0,0,74,J. Holøs,http://dbpedia.org/resource/Jonas_Holøs
v10_1850_0,0,75,J. Enlund,http://dbpedia.org/resource/Jonas_Enlund
v10_1850_0,0,76,J. Elofsson,http://dbpedia.org/resource/Jonas_Elofsson
v10_1850_0,0,77,J. Brodin,http://dbpedia.org/resource/Jonas_Brodin
v10_1850_0,0,78,J. Almtorp,http://dbpedia.org/resource/Jonas_Almtorp
v10_1850_0,0,79,J. Ahnelöv,http://dbpedia.org/resource/Jonas_Ahnelöv
v10_1850_0,0,80,J. Rheault,http://dbpedia.org/resource/Jon_Rheault
v10_1850_0,0,81,J. Merrill,http://dbpedia.org/resource/Jon_Merrill_(ice_hockey)
v10_1850_0,0,82,J. Matsumoto,http://dbpedia.org/resource/Jon_Matsumoto
v10_1850_0,0,83,J. Gillies,http://dbpedia.org/resource/Jon_Gillies
v10_1850_0,0,84,J. DiSalvatore,http://dbpedia.org/resource/Jon_DiSalvatore
v10_1850_0,0,85,J. Oduya,http://dbpedia.org/resource/Johnny_Oduya
v10_1850_0,0,86,J. Gaudreau,http://dbpedia.org/resource/Johnny_Gaudreau
v10_1850_0,0,87,J. Boychuk,http://dbpedia.org/resource/Johnny_Boychuk
v10_1850_0,0,88,J. Westin,http://dbpedia.org/resource/John_Westin
v10_1850_0,0,89,J. Tripp,http://dbpedia.org/resource/John_Tripp_(ice_hockey)
v10_1850_0,0,90,J. Tavares,http://dbpedia.org/resource/John_Tavares
v10_1850_0,0,91,J. Ramage,http://dbpedia.org/resource/John_Ramage_(ice_hockey)
v10_1850_0,0,92,J. Quenneville,http://dbpedia.org/resource/Joel_Quenneville
v10_1850_0,0,93,J. Persson,http://dbpedia.org/resource/John_Persson
v10_1850_0,0,94,J. Nyberg,http://dbpedia.org/resource/John_Nyberg
v10_1850_0,0,95,J. Negrin,http://dbpedia.org/resource/John_Negrin
v10_1850_0,0,96,J. Moore,http://dbpedia.org/resource/Jessica_Moore_(basketball)
v10_1850_0,0,97,J. Mitchell,http://dbpedia.org/resource/Jamel_Mitchell
v10_1850_0,0,98,J. McFarland,http://dbpedia.org/resource/John_McFarland_(ice_hockey)
v10_1850_0,0,99,J. McCarthy,http://fr.dbpedia.org/resource/Jeremiah_McCarthy
v10_1850_0,0,100,J. Lammers,http://dbpedia.org/resource/John_Lammers
v10_1850_0,0,101,J. Laliberte,http://dbpedia.org/resource/John_Laliberte
v10_1850_0,0,102,J. Klingberg,http://dbpedia.org/resource/John_Klingberg
v10_1850_0,0,103,J. Gibson,"http://dbpedia.org/resource/John_Gibson_(ice_hockey,_born_1959)"
v10_1850_0,0,104,J. Dahlström,http://dbpedia.org/resource/John_Dahlström
v10_1850_0,0,105,J. Carlson,http://dbpedia.org/resource/John_Carlson_(ice_hockey)
v10_1850_0,0,106,J. Albert,http://dbpedia.org/resource/John_Albert_(ice_hockey)
v10_1850_0,0,107,J. Liles,http://dbpedia.org/resource/John-Michael_Liles
v10_1850_0,0,108,J. Salmonsson,http://dbpedia.org/resource/Johannes_Salmonsson
v10_1850_0,0,109,J. Sundström,http://dbpedia.org/resource/Johan_Sundström
v10_1850_0,0,110,J. Ryno,http://dbpedia.org/resource/Johan_Ryno
v10_1850_0,0,111,J. Motin,http://dbpedia.org/resource/Johan_Motin
v10_1850_0,0,112,J. Mattsson,http://dbpedia.org/resource/Jesper_Mattsson_(ice_hockey)
v10_1850_0,0,113,J. Larsson,"http://dbpedia.org/resource/Johan_Larsson_(ice_hockey,_born_1992)"
v10_1850_0,0,114,J. Holmqvist,http://dbpedia.org/resource/Michael_Holmqvist
v10_1850_0,0,115,J. Harju,http://dbpedia.org/resource/Johan_Harju
v10_1850_0,0,116,J. Gustafsson,http://dbpedia.org/resource/Juha_Gustafsson
v10_1850_0,0,117,J. Franzén,http://dbpedia.org/resource/Johan_Franzén
v10_1850_0,0,118,J. Fransson,http://dbpedia.org/resource/Johan_Fransson
v10_1850_0,0,119,J. Dahlberg,http://dbpedia.org/resource/Johan_Dahlberg
v10_1850_0,0,120,J. Björk,http://dbpedia.org/resource/Johan_Björk
v10_1850_0,0,121,J. Asplund,http://dbpedia.org/resource/Johan_Asplund_(ice_hockey)
v10_1850_0,0,122,J. Alcén,http://dbpedia.org/resource/Johan_Alcén
v10_1850_0,0,123,J. A. Andersson,http://dbpedia.org/resource/Johan_A._Andersson
v10_1850_0,0,124,J. Lupul,http://dbpedia.org/resource/Joffrey_Lupul
v10_1850_0,0,125,J. Tenute,http://dbpedia.org/resource/Joey_Tenute
v10_1850_0,0,126,J. LaLeggia,http://dbpedia.org/resource/Joey_LaLeggia
v10_1850_0,0,127,J. Hishon,http://dbpedia.org/resource/Joey_Hishon
v10_1850_0,0,128,J. Lundqvist,http://dbpedia.org/resource/Joel_Lundqvist
v10_1850_0,0,129,J. Gistedt,http://dbpedia.org/resource/Joel_Gistedt
v10_1850_0,0,130,J. E. Ek,http://dbpedia.org/resource/Joel_Eriksson_Ek
v10_1850_0,0,131,J. Edmundson,http://dbpedia.org/resource/Joel_Edmundson
v10_1850_0,0,132,J. Broda,http://dbpedia.org/resource/Joel_Broda
v10_1850_0,0,133,J. Armia,http://dbpedia.org/resource/Joel_Armia
v10_1850_0,0,134,J. Vitale,http://dbpedia.org/resource/Joe_Vitale_(ice_hockey)
v10_1850_0,0,135,J. Thornton,http://dbpedia.org/resource/Joe_Thornton
v10_1850_0,0,136,J. Stejskal,http://fr.dbpedia.org/resource/Joe_Stejskal
v10_1850_0,0,137,J. Rullier,http://dbpedia.org/resource/Joe_Rullier
v10_1850_0,0,138,J. Pavelski,http://dbpedia.org/resource/Joe_Pavelski
v10_1850_0,0,139,J. Morrow,http://dbpedia.org/resource/Joe_Morrow
v10_1850_0,0,140,J. Jensen,http://dbpedia.org/resource/Joe_Jensen
v10_1850_0,0,141,J. Finley,http://dbpedia.org/resource/Joe_Finley
v10_1850_0,0,142,J. Colborne,http://dbpedia.org/resource/Joe_Colborne
v10_1850_0,0,143,J. Cannata,http://dbpedia.org/resource/Joe_Cannata
v10_1850_0,0,144,J. Gage,http://dbpedia.org/resource/Jody_Gage
v10_1850_0,0,145,J. Ryan,http://fr.dbpedia.org/resource/Joey_Ryan_(hockey_sur_glace)
v10_1850_0,0,146,J. Nordström,http://dbpedia.org/resource/Joakim_Nordström
v10_1850_0,0,147,J. Lindström,http://dbpedia.org/resource/Joakim_Lindström
v10_1850_0,0,148,J. Andersson,http://dbpedia.org/resource/Joakim_Andersson
v10_1850_0,0,149,J. Eriksson,http://dbpedia.org/resource/Jan_Eriksson_(ice_hockey)
v10_1850_0,0,150,J. Nermark,http://dbpedia.org/resource/Joachim_Nermark
v10_1850_0,0,151,J. Vermin,http://dbpedia.org/resource/Joël_Vermin
v10_1850_0,0,152,J. Chouinard,http://dbpedia.org/resource/Marc_Chouinard
v10_1850_0,0,153,J. Champagne,http://fr.dbpedia.org/resource/Joël_Champagne
v10_1850_0,0,154,J. Šlégr,http://dbpedia.org/resource/Jiří_Šlégr
v10_1850_0,0,155,J. Vykoukal,http://dbpedia.org/resource/Jiří_Vykoukal
v10_1850_0,0,156,J. Novotný,http://dbpedia.org/resource/Jiří_Novotný_(ice_hockey)
v10_1850_0,0,157,J. Hudler,http://dbpedia.org/resource/Jiří_Hudler
v10_1850_0,0,158,J. Bicek,http://dbpedia.org/resource/Jiří_Bicek
v10_1850_0,0,159,J. Vesey,http://dbpedia.org/resource/Jim_Vesey
v10_1850_0,0,160,J. Sharrow,http://dbpedia.org/resource/Jimmy_Sharrow
v10_1850_0,0,161,J. Howard,http://dbpedia.org/resource/Jack_Howard_(ice_hockey)
v10_1850_0,0,162,J. Hayes,http://dbpedia.org/resource/Jim_Hayes_(basketball)
v10_1850_0,0,163,J. Slater,http://dbpedia.org/resource/Jim_Slater_(ice_hockey)
v10_1850_0,0,164,J. O'Brien,"http://dbpedia.org/resource/Jim_O'Brien_(basketball,_born_1950)"
v10_1850_0,0,165,J. Vykoukal,http://dbpedia.org/resource/Jiří_Vykoukal
v10_1850_0,0,166,J. Novotný,http://dbpedia.org/resource/Jiří_Novotný_(ice_hockey)
v10_1850_0,0,167,J. Hudler,http://dbpedia.org/resource/Jiří_Hudler
v10_1850_0,0,168,J. Bicek,http://dbpedia.org/resource/Jiří_Bicek
v10_1850_0,0,169,J. Šlégr,http://dbpedia.org/resource/Jiří_Šlégr
v10_1850_0,0,170,J. Enroth,http://dbpedia.org/resource/Jhonas_Enroth
v10_1850_0,0,171,J. Puljujärvi,http://dbpedia.org/resource/Jesse_Puljujärvi
v10_1850_0,0,172,J. Niinimäki,http://dbpedia.org/resource/Jesse_Niinimäki
v10_1850_0,0,173,J. Joensuu,http://dbpedia.org/resource/Jesse_Joensuu
