v10_460_0,0,1,Rana tavasensis,http://dbpedia.org/resource/Rana_tavasensis
v10_460_0,0,2,Rana sauteri,http://dbpedia.org/resource/Rana_sauteri
v10_460_0,0,3,Rana sangzhiensis,http://dbpedia.org/resource/Rana_sangzhiensis
v10_460_0,0,4,Rana pseudodalmatina,http://dbpedia.org/resource/Rana_pseudodalmatina
v10_460_0,0,5,Rana multidenticulata,http://dbpedia.org/resource/Rana_multidenticulata
v10_460_0,0,6,Rana iriodes,http://dbpedia.org/resource/Rana_iriodes
v10_460_0,0,7,Rana hanluica,http://dbpedia.org/resource/Rana_hanluica
v10_460_0,0,8,Rana garritor,http://dbpedia.org/resource/Papurana_garritor
v10_460_0,0,9,Rana cordofana,http://dbpedia.org/resource/Pyxicephalus_cordofanus
v10_460_0,0,10,Rana amurensis,http://dbpedia.org/resource/Rana_amurensis
v10_460_0,0,11,Ramsey Canyon leopard frog,http://dbpedia.org/resource/Ramsey_Canyon_leopard_frog
v10_460_0,0,12,Ramanella palmata,http://dbpedia.org/resource/Ramanella_palmata
v10_460_0,0,13,Ramanella obscura,http://dbpedia.org/resource/Uperodon_obscurus
v10_460_0,0,14,Ramanella montana,http://dbpedia.org/resource/Ramanella_minor
v10_460_0,0,15,Ramanella minor,http://dbpedia.org/resource/Ramanella_minor
v10_460_0,0,16,Ramanella anamalaiensis,http://dbpedia.org/resource/Ramanella_minor
v10_460_0,0,17,Quebrada Valverde salamander,http://dbpedia.org/resource/Quebrada_Valverde_salamander
v10_460_0,0,18,Quacking frog,http://dbpedia.org/resource/Quacking_frog
v10_460_0,0,19,Pyrenean frog,http://dbpedia.org/resource/Pyrenean_frog
v10_460_0,0,20,Puxiong salamander,http://dbpedia.org/resource/Puxiong_salamander
v10_460_0,0,21,Purple frog,http://dbpedia.org/resource/Purple_frog
v10_460_0,0,22,Pumpkin toadlet,http://dbpedia.org/resource/Pumpkin_toadlet
v10_460_0,0,23,Ptychohyla salvadorensis,http://dbpedia.org/resource/Ptychohyla_salvadorensis
v10_460_0,0,24,Ptychohyla dendrophasma,http://dbpedia.org/resource/Ptychohyla_dendrophasma
v10_460_0,0,25,Pseudophilautus zal,http://dbpedia.org/resource/Pseudophilautus_zal
v10_460_0,0,26,Pseudophilautus variabilis,http://dbpedia.org/resource/Pseudophilautus_variabilis
v10_460_0,0,27,Pseudophilautus temporalis,http://dbpedia.org/resource/Pseudophilautus_temporalis
v10_460_0,0,28,Pseudophilautus stellatus,http://dbpedia.org/resource/Pseudophilautus_stellatus
v10_460_0,0,29,Pseudophilautus semiruber,http://dbpedia.org/resource/Pseudophilautus_semiruber
v10_460_0,0,30,Pseudophilautus rugatus,http://dbpedia.org/resource/Pseudophilautus_rugatus
v10_460_0,0,31,Pseudophilautus oxyrhynchus,http://dbpedia.org/resource/Pseudophilautus_oxyrhynchus
v10_460_0,0,32,Pseudophilautus nasutus,http://dbpedia.org/resource/Pseudophilautus_nasutus
v10_460_0,0,33,Pseudophilautus nanus,http://dbpedia.org/resource/Pseudophilautus_nanus
v10_460_0,0,34,Pseudophilautus malcolmsmithi,http://dbpedia.org/resource/Pseudophilautus_malcolmsmithi
v10_460_0,0,35,Pseudophilautus leucorhinus,http://dbpedia.org/resource/Pseudophilautus_leucorhinus
v10_460_0,0,36,Pseudophilautus halyi,http://dbpedia.org/resource/Pseudophilautus_halyi
v10_460_0,0,37,Pseudophilautus extirpo,http://dbpedia.org/resource/Pseudophilautus_extirpo
v10_460_0,0,38,Pseudophilautus eximius,http://dbpedia.org/resource/Pseudophilautus_eximius
v10_460_0,0,39,Pseudophilautus dimbullae,http://dbpedia.org/resource/Pseudophilautus_dimbullae
v10_460_0,0,40,Pseudophilautus adspersus,http://dbpedia.org/resource/Pseudophilautus_adspersus
v10_460_0,0,41,Pseudopaludicola ternetzi,http://dbpedia.org/resource/Pseudopaludicola_ternetzi
v10_460_0,0,42,Pseudopaludicola riopiedadensis,http://dbpedia.org/resource/Pseudopaludicola_riopiedadensis
v10_460_0,0,43,Pseudopaludicola pusilla,http://dbpedia.org/resource/Pseudopaludicola_pusilla
v10_460_0,0,44,Pseudopaludicola mystacalis,http://dbpedia.org/resource/Pseudopaludicola_mystacalis
v10_460_0,0,45,Pseudopaludicola mineira,http://dbpedia.org/resource/Pseudopaludicola_mineira
v10_460_0,0,46,Pseudopaludicola canga,http://dbpedia.org/resource/Pseudopaludicola_canga
v10_460_0,0,47,Pseudoeurycea tlilicxitl,http://dbpedia.org/resource/Pseudoeurycea_tlilicxitl
v10_460_0,0,48,Pseudoeurycea tlahcuiloh,http://dbpedia.org/resource/Pseudoeurycea_tlahcuiloh
v10_460_0,0,49,Pseudoeurycea smithi,http://dbpedia.org/resource/Pseudoeurycea_smithi
v10_460_0,0,50,Pseudoeurycea ruficauda,http://dbpedia.org/resource/Pseudoeurycea_ruficauda
v10_460_0,0,51,Pseudoeurycea robertsi,http://dbpedia.org/resource/Pseudoeurycea_robertsi
v10_460_0,0,52,Pseudoeurycea rex,http://dbpedia.org/resource/Pseudoeurycea_rex
v10_460_0,0,53,Pseudoeurycea mystax,http://dbpedia.org/resource/Pseudoeurycea_mystax
v10_460_0,0,54,Pseudoeurycea mixteca,http://dbpedia.org/resource/Pseudoeurycea_mixteca
v10_460_0,0,55,Pseudoeurycea mixcoatl,http://dbpedia.org/resource/Pseudoeurycea_mixcoatl
v10_460_0,0,56,Pseudoeurycea longicauda,http://dbpedia.org/resource/Pseudoeurycea_longicauda
v10_460_0,0,57,Pseudoeurycea leprosa,http://dbpedia.org/resource/Pseudoeurycea_leprosa
v10_460_0,0,58,Pseudoeurycea juarezi,http://dbpedia.org/resource/Pseudoeurycea_juarezi
v10_460_0,0,59,Pseudoeurycea goebeli,http://dbpedia.org/resource/Pseudoeurycea_goebeli
v10_460_0,0,60,Pseudoeurycea gadovii,http://dbpedia.org/resource/Pseudoeurycea_gadovii
v10_460_0,0,61,Pseudoeurycea firscheini,http://dbpedia.org/resource/Pseudoeurycea_firscheini
v10_460_0,0,62,Pseudoeurycea exspectata,http://dbpedia.org/resource/Pseudoeurycea_exspectata
v10_460_0,0,63,Pseudoeurycea conanti,http://dbpedia.org/resource/Pseudoeurycea_conanti
v10_460_0,0,64,Pseudoeurycea cochranae,http://dbpedia.org/resource/Pseudoeurycea_cochranae
v10_460_0,0,65,Pseudoeurycea brunnata,http://dbpedia.org/resource/Pseudoeurycea_brunnata
v10_460_0,0,66,Pseudoeurycea aurantia,http://dbpedia.org/resource/Pseudoeurycea_aurantia
v10_460_0,0,67,Pseudocallulops eurydactylus,http://dbpedia.org/resource/Pseudocallulops_eurydactylus
v10_460_0,0,68,Pseudobufo subasper,http://dbpedia.org/resource/Pseudobufo_subasper
v10_460_0,0,69,Pseudis tocantins,http://dbpedia.org/resource/Pseudis_tocantins
v10_460_0,0,70,Pseudis paradoxa,http://dbpedia.org/resource/Pseudis_paradoxa
v10_460_0,0,71,Pseudis fusca,http://dbpedia.org/resource/Pseudis_fusca
v10_460_0,0,72,Pseudis cardosoi,http://dbpedia.org/resource/Pseudis_cardosoi
v10_460_0,0,73,Pseudis bolbodactyla,http://dbpedia.org/resource/Pseudis_bolbodactyla
v10_460_0,0,74,Pseudepidalea pewzowi,http://dbpedia.org/resource/Pseudepidalea_pewzowi
v10_460_0,0,75,Pseudepidalea oblonga,http://dbpedia.org/resource/Pseudepidalea_oblonga
v10_460_0,0,76,Pseudepidalea latastii,http://dbpedia.org/resource/Pseudepidalea_latastii
v10_460_0,0,77,Pseudepidalea brongersmai,http://dbpedia.org/resource/Pseudepidalea_brongersmai
v10_460_0,0,78,Pseudacris fouquettei,http://dbpedia.org/resource/Pseudacris_fouquettei
v10_460_0,0,79,Probreviceps uluguruensis,http://dbpedia.org/resource/Probreviceps_uluguruensis
v10_460_0,0,80,Probreviceps rungwensis,http://dbpedia.org/resource/Probreviceps_rungwensis
v10_460_0,0,81,Probreviceps rhodesianus,http://dbpedia.org/resource/Probreviceps_rhodesianus
v10_460_0,0,82,Probreviceps macrodactylus,http://dbpedia.org/resource/Probreviceps_macrodactylus
v10_460_0,0,83,Praslin's caecilian,http://dbpedia.org/resource/Praslin's_caecilian
v10_460_0,0,84,Pouched frog,http://dbpedia.org/resource/Pouched_frog
v10_460_0,0,85,Potomotyphlus,http://dbpedia.org/resource/Potomotyphlus
v10_460_0,0,86,Porto Alegre golden-eyed tree frog,http://dbpedia.org/resource/Porto_Alegre_golden-eyed_tree_frog
v10_460_0,0,87,Porthole tree frog,http://dbpedia.org/resource/Porthole_tree_frog
v10_460_0,0,88,Pool frog,http://dbpedia.org/resource/Pool_frog
v10_460_0,0,89,Polypedates zed,http://dbpedia.org/resource/Polypedates_zed
v10_460_0,0,90,Polypedates teraiensis,http://dbpedia.org/resource/Common_tree_frog
v10_460_0,0,91,Polypedates taeniatus,http://dbpedia.org/resource/Polypedates_taeniatus
v10_460_0,0,92,Polypedates megacephalus,http://dbpedia.org/resource/Polypedates_megacephalus
v10_460_0,0,93,Polypedates maculatus,http://dbpedia.org/resource/Polypedates_maculatus
v10_460_0,0,94,Polypedates hecticus,http://dbpedia.org/resource/Polypedates_hecticus
v10_460_0,0,95,Polypedates cruciger,http://dbpedia.org/resource/Polypedates_cruciger
v10_460_0,0,96,Polypedates colletti,http://dbpedia.org/resource/Polypedates_colletti
