v10_1867_0,0,1,B. Taylor,"http://dbpedia.org/resource/Billy_Taylor_(ice_hockey,_born_1919)"
v10_1867_0,0,2,B. Suter,http://dbpedia.org/resource/Bob_Suter
v10_1867_0,0,3,B. Solinger,http://dbpedia.org/resource/Bob_Solinger
v10_1867_0,0,4,B. Probert,http://dbpedia.org/resource/Bob_Probert
v10_1867_0,0,5,B. Perreault,http://dbpedia.org/resource/Gilbert_Perreault
v10_1867_0,0,6,B. Kennedy,http://dbpedia.org/resource/Bill_Kennedy_(basketball)
v10_1867_0,0,7,B. Hassard,http://dbpedia.org/resource/Bob_Hassard
v10_1867_0,0,8,B. Gracie,http://dbpedia.org/resource/Bob_Gracie
v10_1867_0,0,9,B. Goldham,http://dbpedia.org/resource/Bob_Goldham
v10_1867_0,0,10,B. Gassoff,http://dbpedia.org/resource/Bob_Gassoff
v10_1867_0,0,11,B. Frampton,http://dbpedia.org/resource/Bob_Frampton
v10_1867_0,0,12,B. Fillion,http://dbpedia.org/resource/Bob_Fillion
v10_1867_0,0,13,B. DeCourcy,http://dbpedia.org/resource/Bob_DeCourcy
v10_1867_0,0,14,B. Dailey,http://dbpedia.org/resource/Bob_Dailey
v10_1867_0,0,15,B. Cook,http://dbpedia.org/resource/Bill_Cook
v10_1867_0,0,16,B. Blake,http://dbpedia.org/resource/Bob_Blake_(ice_hockey)
v10_1867_0,0,17,B. Russel,http://dbpedia.org/resource/Blair_Russel
v10_1867_0,0,18,B. Barnes,http://dbpedia.org/resource/Blair_Barnes
v10_1867_0,0,19,B. Sexton,http://dbpedia.org/resource/Blaine_Sexton
v10_1867_0,0,20,B. Skaare,http://dbpedia.org/resource/Bjørn_Skaare
v10_1867_0,0,21,B. Reay,http://dbpedia.org/resource/Billy_Reay
v10_1867_0,0,22,B. Nicholson,http://dbpedia.org/resource/Billy_Nicholson_(ice_hockey)
v10_1867_0,0,23,B. McNeill,http://dbpedia.org/resource/Billy_McNeill_(ice_hockey)
v10_1867_0,0,24,B. McGimsie,http://dbpedia.org/resource/Billy_McGimsie
v10_1867_0,0,25,B. Harris,http://dbpedia.org/resource/Bill_Harris_(1950s_pitcher)
v10_1867_0,0,26,B. Gilmour,http://dbpedia.org/resource/Doug_Gilmour
v10_1867_0,0,27,B. Coutu,http://dbpedia.org/resource/Billy_Coutu
v10_1867_0,0,28,B. Burch,http://dbpedia.org/resource/Billy_Burch
v10_1867_0,0,29,B. Breen,http://dbpedia.org/resource/Billy_Breen
v10_1867_0,0,30,B. Boyd,http://dbpedia.org/resource/Billy_Boyd_(ice_hockey)
v10_1867_0,0,31,B. Bell,http://dbpedia.org/resource/Billy_Bell_(ice_hockey)
v10_1867_0,0,32,B. Bawlf,http://dbpedia.org/resource/Billy_Bawlf
v10_1867_0,0,33,B. Baird,http://dbpedia.org/resource/Bob_Baird
v10_1867_0,0,34,B. Dawe,http://dbpedia.org/resource/Billie_Dawe
v10_1867_0,0,35,B. Touhey,http://dbpedia.org/resource/Bill_Touhey
v10_1867_0,0,36,B. Tobin,http://dbpedia.org/resource/Bill_Tobin_(ice_hockey)
v10_1867_0,0,37,B. Thoms,http://dbpedia.org/resource/Bill_Thoms
v10_1867_0,0,38,B. Speer,http://dbpedia.org/resource/Bill_Speer
v10_1867_0,0,39,B. Quackenbush,http://dbpedia.org/resource/Bill_Quackenbush
v10_1867_0,0,40,B. Plager,http://dbpedia.org/resource/Barclay_Plager
v10_1867_0,0,41,B. Phillips,http://dbpedia.org/resource/Bill_Phillips_(ice_hockey)
v10_1867_0,0,42,B. Nyrop,http://dbpedia.org/resource/Bill_Nyrop
v10_1867_0,0,43,B. Mosienko,http://dbpedia.org/resource/Bill_Mosienko
v10_1867_0,0,44,B. Mitchell,http://dbpedia.org/resource/Bill_Mitchell_(ice_hockey)
v10_1867_0,0,45,B. Masterton,http://dbpedia.org/resource/Bill_Masterton
v10_1867_0,0,46,B. Kitchen,http://dbpedia.org/resource/Bill_Kitchen_(ice_hockey)
v10_1867_0,0,47,B. Juzda,http://dbpedia.org/resource/Bill_Juzda
v10_1867_0,0,48,B. Johansen,http://dbpedia.org/resource/Bill_Johansen
v10_1867_0,0,49,B. Jennings,http://dbpedia.org/resource/Bill_Jennings_(ice_hockey)
v10_1867_0,0,50,B. Hutton,http://dbpedia.org/resource/Bill_Hutton
v10_1867_0,0,51,B. Hudson,http://dbpedia.org/resource/Bill_Hudson_(ice_hockey)
v10_1867_0,0,52,B. Horton,http://dbpedia.org/resource/Bill_Horton_(ice_hockey)
v10_1867_0,0,53,B. Hicke,http://dbpedia.org/resource/Bill_Hicke
v10_1867_0,0,54,B. H. Jr.,http://dbpedia.org/resource/Bryan_Hextall_Jr.
v10_1867_0,0,55,B. Goldsworthy,http://dbpedia.org/resource/Bill_Goldsworthy
v10_1867_0,0,56,B. Glennie,http://dbpedia.org/resource/Brian_Glennie
v10_1867_0,0,57,B. Gadsby,http://dbpedia.org/resource/Bill_Gadsby
v10_1867_0,0,58,B. Folk,http://dbpedia.org/resource/Bill_Folk
v10_1867_0,0,59,B. Flett,http://dbpedia.org/resource/Bill_Flett
v10_1867_0,0,60,B. Ezinicki,http://dbpedia.org/resource/Bill_Ezinicki
v10_1867_0,0,61,B. Dickie,http://dbpedia.org/resource/Bill_Dickie_(ice_hockey)
v10_1867_0,0,62,B. Cowley,http://dbpedia.org/resource/Bill_Cowley
v10_1867_0,0,63,B. Cook,http://dbpedia.org/resource/Bill_Cook
v10_1867_0,0,64,B. Chandler,http://dbpedia.org/resource/Bill_Chandler_(ice_hockey)
v10_1867_0,0,65,B. Benson,http://dbpedia.org/resource/Bill_Benson_(ice_hockey)
v10_1867_0,0,66,B. Barilko,http://dbpedia.org/resource/Bill_Barilko
v10_1867_0,0,67,B. Allum,http://dbpedia.org/resource/Bill_Allum
v10_1867_0,0,68,B. Adams,http://dbpedia.org/resource/Bryan_Adams_(ice_hockey)
v10_1867_0,0,69,B. Scharfe,http://dbpedia.org/resource/Bert_Scharfe
v10_1867_0,0,70,B. Olmstead,http://dbpedia.org/resource/Bert_Olmstead
v10_1867_0,0,71,B. McCaffrey,http://dbpedia.org/resource/Bert_McCaffrey
v10_1867_0,0,72,B. Lindsay,http://dbpedia.org/resource/Bill_Lindsay
v10_1867_0,0,73,B. Knibbs,http://dbpedia.org/resource/Bert_Knibbs
v10_1867_0,0,74,B. Hunt,http://dbpedia.org/resource/Brad_Hunt_(ice_hockey)
v10_1867_0,0,75,B. Gardiner,http://dbpedia.org/resource/Bruce_Gardiner
v10_1867_0,0,76,B. Corbeau,http://dbpedia.org/resource/Bert_Corbeau
v10_1867_0,0,77,B. Connelly,http://dbpedia.org/resource/Bert_Connelly
v10_1867_0,0,78,B. Burry,http://dbpedia.org/resource/Bert_Burry
v10_1867_0,0,79,B. Morris,http://dbpedia.org/resource/Bernie_Morris
