v12_240_0,0,1,B. Gaughran,http://dbpedia.org/resource/Benny_Gaughran_(Gaelic_footballer)
v12_240_0,0,2,B. Tansey,http://dbpedia.org/resource/Ben_Tansey
v12_240_0,0,3,B. Murphy,http://dbpedia.org/resource/Brian_Murphy_(Gaelic_games)
v12_240_0,0,4,B. McGoldrick,http://dbpedia.org/resource/Barry_McGoldrick
v12_240_0,0,5,B. Johnson,http://dbpedia.org/resource/Brad_Johnson_(Australian_footballer)
v12_240_0,0,6,B. Hennessy,http://dbpedia.org/resource/Barry_Hennessy
v12_240_0,0,7,B. Moylan,http://dbpedia.org/resource/Barney_Moylan
v12_240_0,0,8,A. Walsh,http://dbpedia.org/resource/Aidan_Walsh
v12_240_0,0,9,A. O'Toole,http://dbpedia.org/resource/Anton_O'Toole
v12_240_0,0,10,A. Tohill,http://dbpedia.org/resource/Anthony_Tohill
v12_240_0,0,11,A. Fleming,http://dbpedia.org/resource/Al_Fleming_(basketball)
v12_240_0,0,12,A. Fenton,http://dbpedia.org/resource/Arthur_Fenton_(cricketer)
v12_240_0,0,13,A. Buckley,http://dbpedia.org/resource/Austin_Buckley
v12_240_0,0,14,A. Quinn,http://dbpedia.org/resource/Alistair_Quinn
v12_240_0,0,15,A. O'Flynn,http://dbpedia.org/resource/Andrew_O'Flynn
v12_240_0,0,16,A. Murray,http://dbpedia.org/resource/Aaron_Murray
v12_240_0,0,17,A. Kennedy,http://dbpedia.org/resource/Andrew_Kennedy_(basketball)
v12_240_0,0,18,A. O'Sullivan,http://dbpedia.org/resource/Denise_O'Sullivan
v12_240_0,0,19,A. O'Shea,http://dbpedia.org/resource/Aidan_O'Shea_(Mayo_footballer)
v12_240_0,0,20,A. O'Rourke,http://dbpedia.org/resource/Aidan_O'Rourke_(footballer)
v12_240_0,0,21,A. Fennelly,http://dbpedia.org/resource/Aidan_Fennelly
v12_240_0,0,22,A. Mannix,http://dbpedia.org/resource/Adrian_Mannix
v12_240_0,0,23,A. Cush,http://dbpedia.org/resource/Adrian_Cush
v12_240_0,0,24,É. O'Donoghue,http://dbpedia.org/resource/Neil_O'Donoghue
v12_240_0,0,25,É. Goulding,http://dbpedia.org/resource/Éamonn_Goulding
v12_240_0,0,26,É. Cregan,http://dbpedia.org/resource/Éamonn_Cregan
