v14_317_0,0,1,D. Clohessy,http://dbpedia.org/resource/Peter_Clohessy
v14_317_0,0,2,D. Fitzgerald,http://dbpedia.org/resource/Davy_Fitzgerald
v14_317_0,0,3,D. O'Sullivan,http://dbpedia.org/resource/Donie_O'Sullivan
v14_317_0,0,4,D. O'Keeffe,http://dbpedia.org/resource/Declan_O'Keeffe
v14_317_0,0,5,C. McAnallen,http://dbpedia.org/resource/Cormac_McAnallen
v14_317_0,0,6,C. Murphy,http://dbpedia.org/resource/Colin_Murphy_(ice_hockey)
v14_317_0,0,7,C. Clifford,http://dbpedia.org/resource/Conor_Clifford
v14_317_0,0,8,C. McDyer,http://dbpedia.org/resource/Columba_McDyer
v14_317_0,0,9,C. Corless,http://dbpedia.org/resource/Colum_Corless
v14_317_0,0,10,C. Dunne,http://dbpedia.org/resource/Cyril_Dunne
v14_317_0,0,11,C. Maher,http://dbpedia.org/resource/Ciarán_Maher
v14_317_0,0,12,C. Ware,http://dbpedia.org/resource/Casper_Ware
v14_317_0,0,13,C. Ware,http://dbpedia.org/resource/Casper_Ware
v14_317_0,0,14,C. Cullinane,http://dbpedia.org/resource/Charlie_Cullinane
v14_317_0,0,15,C. Whelan,http://dbpedia.org/resource/Ciarán_Whelan
v14_317_0,0,16,B. Smyth,http://dbpedia.org/resource/Brad_Smyth
v14_317_0,0,17,B. Considine,http://dbpedia.org/resource/Bernard_Considine
v14_317_0,0,18,B. Rackard,http://dbpedia.org/resource/Billy_Rackard
v14_317_0,0,19,B. Miller,http://dbpedia.org/resource/Brad_Miller_(basketball)
v14_317_0,0,20,B. Hinks,http://dbpedia.org/resource/Bobby_Hinks
v14_317_0,0,21,B. O'Keeffe,http://dbpedia.org/resource/Brian_O'Keeffe
v14_317_0,0,22,B. Mockler,http://dbpedia.org/resource/Bob_Mockler
